1998-01-01 00:00:00    1.044    1.878 1015.17   -1.734   89.778   0.677
1998-01-01 06:00:00    2.544    1.878 1015.17    2.266   79.778   0.527
1998-01-01 12:00:00    1.044    1.878 1015.17   -1.734   89.778   0.677
1998-01-01 18:00:00   -0.456    1.878 1015.17   -5.734   98.000   0.827
1998-01-02 00:00:00    1.052    1.886 1016.91   -1.689   89.741   0.681
1998-01-02 06:00:00    2.552    1.886 1016.91    2.311   79.741   0.531
1998-01-02 12:00:00    1.052    1.886 1016.91   -1.689   89.741   0.681
1998-01-02 18:00:00   -0.448    1.886 1016.91   -5.689   98.000   0.831
1998-01-03 00:00:00    1.060    1.894 1017.87   -1.641   89.701   0.685
1998-01-03 06:00:00    2.560    1.894 1017.87    2.359   79.701   0.535
1998-01-03 12:00:00    1.060    1.894 1017.87   -1.641   89.701   0.685
1998-01-03 18:00:00   -0.440    1.894 1017.87   -5.641   98.000   0.835
1998-01-04 00:00:00    1.069    1.902 1017.87   -1.589   89.657   0.688
1998-01-04 06:00:00    2.569    1.902 1017.87    2.411   79.657   0.538
1998-01-04 12:00:00    1.069    1.902 1017.87   -1.589   89.657   0.688
1998-01-04 18:00:00   -0.431    1.902 1017.87   -5.589   98.000   0.838
1998-01-05 00:00:00    1.078    1.909 1016.91   -1.534   89.611   0.692
1998-01-05 06:00:00    2.578    1.909 1016.91    2.466   79.611   0.542
1998-01-05 12:00:00    1.078    1.909 1016.91   -1.534   89.611   0.692
1998-01-05 18:00:00   -0.422    1.909 1016.91   -5.534   98.000   0.842
1998-01-06 00:00:00    1.088    1.916 1015.17   -1.475   89.562   0.695
1998-01-06 06:00:00    2.588    1.916 1015.17    2.525   79.562   0.545
1998-01-06 12:00:00    1.088    1.916 1015.17   -1.475   89.562   0.695
1998-01-06 18:00:00   -0.412    1.916 1015.17   -5.475   98.000   0.845
1998-01-07 00:00:00    1.098    1.923 1013.00   -1.413   89.511   0.699
1998-01-07 06:00:00    2.598    1.923 1013.00    2.587   79.511   0.549
1998-01-07 12:00:00    1.098    1.923 1013.00   -1.413   89.511   0.699
1998-01-07 18:00:00   -0.402    1.923 1013.00   -5.413   98.000   0.849
1998-01-08 00:00:00    1.109    1.929 1010.83   -1.347   89.456   0.702
1998-01-08 06:00:00    2.609    1.929 1010.83    2.653   79.456   0.552
1998-01-08 12:00:00    1.109    1.929 1010.83   -1.347   89.456   0.702
1998-01-08 18:00:00   -0.391    1.929 1010.83   -5.347   98.000   0.852
1998-01-09 00:00:00    1.120    1.935 1009.09   -1.278   89.399   0.706
1998-01-09 06:00:00    2.620    1.935 1009.09    2.722   79.399   0.556
1998-01-09 12:00:00    1.120    1.935 1009.09   -1.278   89.399   0.706
1998-01-09 18:00:00   -0.380    1.935 1009.09   -5.278   98.000   0.856
1998-01-10 00:00:00    1.132    1.941 1008.13   -1.206   89.338   0.709
1998-01-10 06:00:00    2.632    1.941 1008.13    2.794   79.338   0.559
1998-01-10 12:00:00    1.132    1.941 1008.13   -1.206   89.338   0.709
1998-01-10 18:00:00   -0.368    1.941 1008.13   -5.206   98.000   0.859
1998-01-11 00:00:00    1.145    1.947 1008.13   -1.131   89.275   0.712
1998-01-11 06:00:00    2.645    1.947 1008.13    2.869   79.275   0.562
1998-01-11 12:00:00    1.145    1.947 1008.13   -1.131   89.275   0.712
1998-01-11 18:00:00   -0.355    1.947 1008.13   -5.131   98.000   0.862
1998-01-12 00:00:00    1.158    1.952 1009.09   -1.052   89.210   0.715
1998-01-12 06:00:00    2.658    1.952 1009.09    2.948   79.210   0.565
1998-01-12 12:00:00    1.158    1.952 1009.09   -1.052   89.210   0.715
1998-01-12 18:00:00   -0.342    1.952 1009.09   -5.052   98.000   0.865
1998-01-13 00:00:00    1.172    1.957 1010.83   -0.970   89.141   0.719
1998-01-13 06:00:00    2.672    1.957 1010.83    3.030   79.141   0.569
1998-01-13 12:00:00    1.172    1.957 1010.83   -0.970   89.141   0.719
1998-01-13 18:00:00   -0.328    1.957 1010.83   -4.970   98.000   0.869
1998-01-14 00:00:00    1.186    1.962 1013.00   -0.884   89.070   0.722
1998-01-14 06:00:00    2.686    1.962 1013.00    3.116   79.070   0.572
1998-01-14 12:00:00    1.186    1.962 1013.00   -0.884   89.070   0.722
1998-01-14 18:00:00   -0.314    1.962 1013.00   -4.884   98.000   0.872
1998-01-15 00:00:00    1.201    1.967 1015.17   -0.796   88.996   0.725
1998-01-15 06:00:00    2.701    1.967 1015.17    3.204   78.996   0.575
1998-01-15 12:00:00    1.201    1.967 1015.17   -0.796   88.996   0.725
1998-01-15 18:00:00   -0.299    1.967 1015.17   -4.796   98.000   0.875
1998-01-16 00:00:00    1.216    1.971 1016.91   -0.704   88.920   0.728
1998-01-16 06:00:00    2.716    1.971 1016.91    3.296   78.920   0.578
1998-01-16 12:00:00    1.216    1.971 1016.91   -0.704   88.920   0.728
1998-01-16 18:00:00   -0.284    1.971 1016.91   -4.704   98.000   0.878
1998-01-17 00:00:00    1.232    1.975 1017.87   -0.609   88.841   0.731
1998-01-17 06:00:00    2.732    1.975 1017.87    3.391   78.841   0.581
1998-01-17 12:00:00    1.232    1.975 1017.87   -0.609   88.841   0.731
1998-01-17 18:00:00   -0.268    1.975 1017.87   -4.609   98.000   0.881
1998-01-18 00:00:00    1.248    1.979 1017.87   -0.511   88.759   0.734
1998-01-18 06:00:00    2.748    1.979 1017.87    3.489   78.759   0.584
1998-01-18 12:00:00    1.248    1.979 1017.87   -0.511   88.759   0.734
1998-01-18 18:00:00   -0.252    1.979 1017.87   -4.511   98.000   0.884
1998-01-19 00:00:00    1.265    1.982 1016.91   -0.409   88.675   0.737
1998-01-19 06:00:00    2.765    1.982 1016.91    3.591   78.675   0.587
1998-01-19 12:00:00    1.265    1.982 1016.91   -0.409   88.675   0.737
1998-01-19 18:00:00   -0.235    1.982 1016.91   -4.409   98.000   0.887
1998-01-20 00:00:00    1.282    1.985 1015.17   -0.305   88.588   0.740
1998-01-20 06:00:00    2.782    1.985 1015.17    3.695   78.588   0.590
1998-01-20 12:00:00    1.282    1.985 1015.17   -0.305   88.588   0.740
1998-01-20 18:00:00   -0.218    1.985 1015.17   -4.305   98.000   0.890
1998-01-21 00:00:00    1.300    1.988 1013.00   -0.198   88.498   0.742
1998-01-21 06:00:00    2.800    1.988 1013.00    3.802   78.498   0.592
1998-01-21 12:00:00    1.300    1.988 1013.00   -0.198   88.498   0.742
1998-01-21 18:00:00   -0.200    1.988 1013.00   -4.198   98.000   0.892
1998-01-22 00:00:00    1.319    1.991 1010.83   -0.087   88.406   0.745
1998-01-22 06:00:00    2.819    1.991 1010.83    3.913   78.406   0.595
1998-01-22 12:00:00    1.319    1.991 1010.83   -0.087   88.406   0.745
1998-01-22 18:00:00   -0.181    1.991 1010.83   -4.087   98.000   0.895
1998-01-23 00:00:00    1.338    1.993 1009.09    0.026   88.312   0.748
1998-01-23 06:00:00    2.838    1.993 1009.09    4.026   78.312   0.598
1998-01-23 12:00:00    1.338    1.993 1009.09    0.026   88.312   0.748
1998-01-23 18:00:00   -0.162    1.993 1009.09   -3.974   98.000   0.898
1998-01-24 00:00:00    1.357    1.995 1008.13    0.142   88.215   0.750
1998-01-24 06:00:00    2.857    1.995 1008.13    4.142   78.215   0.600
1998-01-24 12:00:00    1.357    1.995 1008.13    0.142   88.215   0.750
1998-01-24 18:00:00   -0.143    1.995 1008.13   -3.858   98.000   0.900
1998-01-25 00:00:00    1.377    1.996 1008.13    0.262   88.115   0.753
1998-01-25 06:00:00    2.877    1.996 1008.13    4.262   78.115   0.603
1998-01-25 12:00:00    1.377    1.996 1008.13    0.262   88.115   0.753
1998-01-25 18:00:00   -0.123    1.996 1008.13   -3.738   98.000   0.903
1998-01-26 00:00:00    1.397    1.998 1009.09    0.384   88.014   0.755
1998-01-26 06:00:00    2.897    1.998 1009.09    4.384   78.014   0.605
1998-01-26 12:00:00    1.397    1.998 1009.09    0.384   88.014   0.755
1998-01-26 18:00:00   -0.103    1.998 1009.09   -3.616   98.000   0.905
1998-01-27 00:00:00    1.418    1.999 1010.83    0.509   87.909   0.758
1998-01-27 06:00:00    2.918    1.999 1010.83    4.509   77.909   0.608
1998-01-27 12:00:00    1.418    1.999 1010.83    0.509   87.909   0.758
1998-01-27 18:00:00   -0.082    1.999 1010.83   -3.491   97.909   0.908
1998-01-28 00:00:00    1.439    1.999 1013.00    0.636   87.803   0.760
1998-01-28 06:00:00    2.939    1.999 1013.00    4.636   77.803   0.610
1998-01-28 12:00:00    1.439    1.999 1013.00    0.636   87.803   0.760
1998-01-28 18:00:00   -0.061    1.999 1013.00   -3.364   97.803   0.910
1998-01-29 00:00:00    1.461    2.000 1015.17    0.767   87.694   0.762
1998-01-29 06:00:00    2.961    2.000 1015.17    4.767   77.694   0.612
1998-01-29 12:00:00    1.461    2.000 1015.17    0.767   87.694   0.762
1998-01-29 18:00:00   -0.039    2.000 1015.17   -3.233   97.694   0.912
1998-01-30 00:00:00    1.483    2.000 1016.91    0.900   87.583   0.765
1998-01-30 06:00:00    2.983    2.000 1016.91    4.900   77.583   0.615
1998-01-30 12:00:00    1.483    2.000 1016.91    0.900   87.583   0.765
1998-01-30 18:00:00   -0.017    2.000 1016.91   -3.100   97.583   0.915
1998-01-31 00:00:00    1.506    2.000 1017.87    1.036   87.470   0.767
1998-01-31 06:00:00    3.006    2.000 1017.87    5.036   77.470   0.617
1998-01-31 12:00:00    1.506    2.000 1017.87    1.036   87.470   0.767
1998-01-31 18:00:00    0.006    2.000 1017.87   -2.964   97.470   0.917
1998-02-01 00:00:00    1.529    1.999 1017.87    1.175   87.354   0.769
1998-02-01 06:00:00    3.029    1.999 1017.87    5.175   77.354   0.619
1998-02-01 12:00:00    1.529    1.999 1017.87    1.175   87.354   0.769
1998-02-01 18:00:00    0.029    1.999 1017.87   -2.825   97.354   0.919
1998-02-02 00:00:00    1.553    1.999 1016.91    1.316   87.236   0.771
1998-02-02 06:00:00    3.053    1.999 1016.91    5.316   77.236   0.621
1998-02-02 12:00:00    1.553    1.999 1016.91    1.316   87.236   0.771
1998-02-02 18:00:00    0.053    1.999 1016.91   -2.684   97.236   0.921
1998-02-03 00:00:00    1.577    1.998 1015.17    1.460   87.117   0.773
1998-02-03 06:00:00    3.077    1.998 1015.17    5.460   77.117   0.623
1998-02-03 12:00:00    1.577    1.998 1015.17    1.460   87.117   0.773
1998-02-03 18:00:00    0.077    1.998 1015.17   -2.540   97.117   0.923
1998-02-04 00:00:00    1.601    1.996 1013.00    1.607   86.995   0.775
1998-02-04 06:00:00    3.101    1.996 1013.00    5.607   76.995   0.625
1998-02-04 12:00:00    1.601    1.996 1013.00    1.607   86.995   0.775
1998-02-04 18:00:00    0.101    1.996 1013.00   -2.393   96.995   0.925
1998-02-05 00:00:00    1.626    1.995 1010.83    1.755   86.871   0.777
1998-02-05 06:00:00    3.126    1.995 1010.83    5.755   76.871   0.627
1998-02-05 12:00:00    1.626    1.995 1010.83    1.755   86.871   0.777
1998-02-05 18:00:00    0.126    1.995 1010.83   -2.245   96.871   0.927
1998-02-06 00:00:00    1.651    1.993 1009.09    1.907   86.744   0.779
1998-02-06 06:00:00    3.151    1.993 1009.09    5.907   76.744   0.629
1998-02-06 12:00:00    1.651    1.993 1009.09    1.907   86.744   0.779
1998-02-06 18:00:00    0.151    1.993 1009.09   -2.093   96.744   0.929
1998-02-07 00:00:00    1.677    1.991 1008.13    2.060   86.616   0.780
1998-02-07 06:00:00    3.177    1.991 1008.13    6.060   76.616   0.630
1998-02-07 12:00:00    1.677    1.991 1008.13    2.060   86.616   0.780
1998-02-07 18:00:00    0.177    1.991 1008.13   -1.940   96.616   0.930
1998-02-08 00:00:00    1.703    1.988 1008.13    2.216   86.486   0.782
1998-02-08 06:00:00    3.203    1.988 1008.13    6.216   76.486   0.632
1998-02-08 12:00:00    1.703    1.988 1008.13    2.216   86.486   0.782
1998-02-08 18:00:00    0.203    1.988 1008.13   -1.784   96.486   0.932
1998-02-09 00:00:00    1.729    1.985 1009.09    2.375   86.354   0.783
1998-02-09 06:00:00    3.229    1.985 1009.09    6.375   76.354   0.633
1998-02-09 12:00:00    1.729    1.985 1009.09    2.375   86.354   0.783
1998-02-09 18:00:00    0.229    1.985 1009.09   -1.625   96.354   0.933
1998-02-10 00:00:00    1.756    1.982 1010.83    2.535   86.220   0.785
1998-02-10 06:00:00    3.256    1.982 1010.83    6.535   76.220   0.635
1998-02-10 12:00:00    1.756    1.982 1010.83    2.535   86.220   0.785
1998-02-10 18:00:00    0.256    1.982 1010.83   -1.465   96.220   0.935
1998-02-11 00:00:00    1.783    1.979 1013.00    2.698   86.085   0.786
1998-02-11 06:00:00    3.283    1.979 1013.00    6.698   76.085   0.636
1998-02-11 12:00:00    1.783    1.979 1013.00    2.698   86.085   0.786
1998-02-11 18:00:00    0.283    1.979 1013.00   -1.302   96.085   0.936
1998-02-12 00:00:00    1.811    1.975 1015.17    2.863   85.947   0.788
1998-02-12 06:00:00    3.311    1.975 1015.17    6.863   75.947   0.638
1998-02-12 12:00:00    1.811    1.975 1015.17    2.863   85.947   0.788
1998-02-12 18:00:00    0.311    1.975 1015.17   -1.137   95.947   0.938
1998-02-13 00:00:00    1.838    1.971 1016.91    3.030   85.808   0.789
1998-02-13 06:00:00    3.338    1.971 1016.91    7.030   75.808   0.639
1998-02-13 12:00:00    1.838    1.971 1016.91    3.030   85.808   0.789
1998-02-13 18:00:00    0.338    1.971 1016.91   -0.970   95.808   0.939
1998-02-14 00:00:00    1.867    1.967 1017.87    3.200   85.667   0.790
1998-02-14 06:00:00    3.367    1.967 1017.87    7.200   75.667   0.640
1998-02-14 12:00:00    1.867    1.967 1017.87    3.200   85.667   0.790
1998-02-14 18:00:00    0.367    1.967 1017.87   -0.800   95.667   0.940
1998-02-15 00:00:00    1.895    1.962 1017.87    3.371   85.524   0.791
1998-02-15 06:00:00    3.395    1.962 1017.87    7.371   75.524   0.641
1998-02-15 12:00:00    1.895    1.962 1017.87    3.371   85.524   0.791
1998-02-15 18:00:00    0.395    1.962 1017.87   -0.629   95.524   0.941
1998-02-16 00:00:00    1.924    1.957 1016.91    3.544   85.380   0.793
1998-02-16 06:00:00    3.424    1.957 1016.91    7.544   75.380   0.643
1998-02-16 12:00:00    1.924    1.957 1016.91    3.544   85.380   0.793
1998-02-16 18:00:00    0.424    1.957 1016.91   -0.456   95.380   0.943
1998-02-17 00:00:00    1.953    1.952 1015.17    3.719   85.234   0.794
1998-02-17 06:00:00    3.453    1.952 1015.17    7.719   75.234   0.644
1998-02-17 12:00:00    1.953    1.952 1015.17    3.719   85.234   0.794
1998-02-17 18:00:00    0.453    1.952 1015.17   -0.281   95.234   0.944
1998-02-18 00:00:00    1.983    1.947 1013.00    3.896   85.087   0.794
1998-02-18 06:00:00    3.483    1.947 1013.00    7.896   75.087   0.644
1998-02-18 12:00:00    1.983    1.947 1013.00    3.896   85.087   0.794
1998-02-18 18:00:00    0.483    1.947 1013.00   -0.104   95.087   0.944
1998-02-19 00:00:00    2.012    1.941 1010.83    4.075   84.938   0.795
1998-02-19 06:00:00    3.512    1.941 1010.83    8.075   74.938   0.645
1998-02-19 12:00:00    2.012    1.941 1010.83    4.075   84.938   0.795
1998-02-19 18:00:00    0.512    1.941 1010.83    0.075   94.938   0.945
1998-02-20 00:00:00    2.043    1.935 1009.09    4.255   84.787   0.796
1998-02-20 06:00:00    3.543    1.935 1009.09    8.255   74.787   0.646
1998-02-20 12:00:00    2.043    1.935 1009.09    4.255   84.787   0.796
1998-02-20 18:00:00    0.543    1.935 1009.09    0.255   94.787   0.946
1998-02-21 00:00:00    2.073    1.929 1008.13    4.437   84.636   0.797
1998-02-21 06:00:00    3.573    1.929 1008.13    8.437   74.636   0.647
1998-02-21 12:00:00    2.073    1.929 1008.13    4.437   84.636   0.797
1998-02-21 18:00:00    0.573    1.929 1008.13    0.437   94.636   0.947
1998-02-22 00:00:00    2.104    1.923 1008.13    4.621   84.482   0.797
1998-02-22 06:00:00    3.604    1.923 1008.13    8.621   74.482   0.647
1998-02-22 12:00:00    2.104    1.923 1008.13    4.621   84.482   0.797
1998-02-22 18:00:00    0.604    1.923 1008.13    0.621   94.482   0.947
1998-02-23 00:00:00    2.134    1.916 1009.09    4.807   84.328   0.798
1998-02-23 06:00:00    3.634    1.916 1009.09    8.807   74.328   0.648
1998-02-23 12:00:00    2.134    1.916 1009.09    4.807   84.328   0.798
1998-02-23 18:00:00    0.634    1.916 1009.09    0.807   94.328   0.948
1998-02-24 00:00:00    2.166    1.909 1010.83    4.994   84.172   0.799
1998-02-24 06:00:00    3.666    1.909 1010.83    8.994   74.172   0.649
1998-02-24 12:00:00    2.166    1.909 1010.83    4.994   84.172   0.799
1998-02-24 18:00:00    0.666    1.909 1010.83    0.994   94.172   0.949
1998-02-25 00:00:00    2.197    1.902 1013.00    5.182   84.015   0.799
1998-02-25 06:00:00    3.697    1.902 1013.00    9.182   74.015   0.649
1998-02-25 12:00:00    2.197    1.902 1013.00    5.182   84.015   0.799
1998-02-25 18:00:00    0.697    1.902 1013.00    1.182   94.015   0.949
1998-02-26 00:00:00    2.229    1.894 1015.17    5.372   83.857   0.799
1998-02-26 06:00:00    3.729    1.894 1015.17    9.372   73.857   0.649
1998-02-26 12:00:00    2.229    1.894 1015.17    5.372   83.857   0.799
1998-02-26 18:00:00    0.729    1.894 1015.17    1.372   93.857   0.949
1998-02-27 00:00:00    2.261    1.886 1016.91    5.563   83.697   0.800
1998-02-27 06:00:00    3.761    1.886 1016.91    9.563   73.697   0.650
1998-02-27 12:00:00    2.261    1.886 1016.91    5.563   83.697   0.800
1998-02-27 18:00:00    0.761    1.886 1016.91    1.563   93.697   0.950
1998-02-28 00:00:00    2.293    1.878 1017.87    5.756   83.537   0.800
1998-02-28 06:00:00    3.793    1.878 1017.87    9.756   73.537   0.650
1998-02-28 12:00:00    2.293    1.878 1017.87    5.756   83.537   0.800
1998-02-28 18:00:00    0.793    1.878 1017.87    1.756   93.537   0.950
1998-03-01 00:00:00    2.325    1.870 1017.87    5.950   83.375   0.800
1998-03-01 06:00:00    3.825    1.870 1017.87    9.950   73.375   0.650
1998-03-01 12:00:00    2.325    1.870 1017.87    5.950   83.375   0.800
1998-03-01 18:00:00    0.825    1.870 1017.87    1.950   93.375   0.950
1998-03-02 00:00:00    2.357    1.861 1016.91    6.145   83.213   0.800
1998-03-02 06:00:00    3.857    1.861 1016.91   10.145   73.213   0.650
1998-03-02 12:00:00    2.357    1.861 1016.91    6.145   83.213   0.800
1998-03-02 18:00:00    0.857    1.861 1016.91    2.145   93.213   0.950
1998-03-03 00:00:00    2.390    1.852 1015.17    6.341   83.049   0.800
1998-03-03 06:00:00    3.890    1.852 1015.17   10.341   73.049   0.650
1998-03-03 12:00:00    2.390    1.852 1015.17    6.341   83.049   0.800
1998-03-03 18:00:00    0.890    1.852 1015.17    2.341   93.049   0.950
1998-03-04 00:00:00    2.423    1.843 1013.00    6.538   82.885   0.800
1998-03-04 06:00:00    3.923    1.843 1013.00   10.538   72.885   0.650
1998-03-04 12:00:00    2.423    1.843 1013.00    6.538   82.885   0.800
1998-03-04 18:00:00    0.923    1.843 1013.00    2.538   92.885   0.950
1998-03-05 00:00:00    2.456    1.834 1010.83    6.737   82.720   0.800
1998-03-05 06:00:00    3.956    1.834 1010.83   10.737   72.720   0.650
1998-03-05 12:00:00    2.456    1.834 1010.83    6.737   82.720   0.800
1998-03-05 18:00:00    0.956    1.834 1010.83    2.737   92.720   0.950
1998-03-06 00:00:00    2.489    1.824 1009.09    6.936   82.554   0.799
1998-03-06 06:00:00    3.989    1.824 1009.09   10.936   72.554   0.649
1998-03-06 12:00:00    2.489    1.824 1009.09    6.936   82.554   0.799
1998-03-06 18:00:00    0.989    1.824 1009.09    2.936   92.554   0.949
1998-03-07 00:00:00    2.523    1.814 1008.13    7.136   82.387   0.799
1998-03-07 06:00:00    4.023    1.814 1008.13   11.136   72.387   0.649
1998-03-07 12:00:00    2.523    1.814 1008.13    7.136   82.387   0.799
1998-03-07 18:00:00    1.023    1.814 1008.13    3.136   92.387   0.949
1998-03-08 00:00:00    2.556    1.804 1008.13    7.337   82.219   0.799
1998-03-08 06:00:00    4.056    1.804 1008.13   11.337   72.219   0.649
1998-03-08 12:00:00    2.556    1.804 1008.13    7.337   82.219   0.799
1998-03-08 18:00:00    1.056    1.804 1008.13    3.337   92.219   0.949
1998-03-09 00:00:00    2.590    1.794 1009.09    7.539   82.051   0.798
1998-03-09 06:00:00    4.090    1.794 1009.09   11.539   72.051   0.648
1998-03-09 12:00:00    2.590    1.794 1009.09    7.539   82.051   0.798
1998-03-09 18:00:00    1.090    1.794 1009.09    3.539   92.051   0.948
1998-03-10 00:00:00    2.624    1.783 1010.83    7.741   81.882   0.798
1998-03-10 06:00:00    4.124    1.783 1010.83   11.741   71.882   0.648
1998-03-10 12:00:00    2.624    1.783 1010.83    7.741   81.882   0.798
1998-03-10 18:00:00    1.124    1.783 1010.83    3.741   91.882   0.948
1998-03-11 00:00:00    2.657    1.772 1013.00    7.944   81.713   0.797
1998-03-11 06:00:00    4.157    1.772 1013.00   11.944   71.713   0.647
1998-03-11 12:00:00    2.657    1.772 1013.00    7.944   81.713   0.797
1998-03-11 18:00:00    1.157    1.772 1013.00    3.944   91.713   0.947
1998-03-12 00:00:00    2.691    1.761 1015.17    8.148   81.543   0.796
1998-03-12 06:00:00    4.191    1.761 1015.17   12.148   71.543   0.646
1998-03-12 12:00:00    2.691    1.761 1015.17    8.148   81.543   0.796
1998-03-12 18:00:00    1.191    1.761 1015.17    4.148   91.543   0.946
1998-03-13 00:00:00    2.725    1.750 1016.91    8.353   81.373   0.796
1998-03-13 06:00:00    4.225    1.750 1016.91   12.353   71.373   0.646
1998-03-13 12:00:00    2.725    1.750 1016.91    8.353   81.373   0.796
1998-03-13 18:00:00    1.225    1.750 1016.91    4.353   91.373   0.946
1998-03-14 00:00:00    2.760    1.738 1017.87    8.558   81.202   0.795
1998-03-14 06:00:00    4.260    1.738 1017.87   12.558   71.202   0.645
1998-03-14 12:00:00    2.760    1.738 1017.87    8.558   81.202   0.795
1998-03-14 18:00:00    1.260    1.738 1017.87    4.558   91.202   0.945
1998-03-15 00:00:00    2.794    1.727 1017.87    8.763   81.031   0.794
1998-03-15 06:00:00    4.294    1.727 1017.87   12.763   71.031   0.644
1998-03-15 12:00:00    2.794    1.727 1017.87    8.763   81.031   0.794
1998-03-15 18:00:00    1.294    1.727 1017.87    4.763   91.031   0.944
1998-03-16 00:00:00    2.828    1.715 1016.91    8.968   80.860   0.793
1998-03-16 06:00:00    4.328    1.715 1016.91   12.968   70.860   0.643
1998-03-16 12:00:00    2.828    1.715 1016.91    8.968   80.860   0.793
1998-03-16 18:00:00    1.328    1.715 1016.91    4.968   90.860   0.943
1998-03-17 00:00:00    2.862    1.703 1015.17    9.174   80.688   0.792
1998-03-17 06:00:00    4.362    1.703 1015.17   13.174   70.688   0.642
1998-03-17 12:00:00    2.862    1.703 1015.17    9.174   80.688   0.792
1998-03-17 18:00:00    1.362    1.703 1015.17    5.174   90.688   0.942
1998-03-18 00:00:00    2.897    1.690 1013.00    9.381   80.516   0.791
1998-03-18 06:00:00    4.397    1.690 1013.00   13.381   70.516   0.641
1998-03-18 12:00:00    2.897    1.690 1013.00    9.381   80.516   0.791
1998-03-18 18:00:00    1.397    1.690 1013.00    5.381   90.516   0.941
1998-03-19 00:00:00    2.931    1.678 1010.83    9.587   80.344   0.790
1998-03-19 06:00:00    4.431    1.678 1010.83   13.587   70.344   0.640
1998-03-19 12:00:00    2.931    1.678 1010.83    9.587   80.344   0.790
1998-03-19 18:00:00    1.431    1.678 1010.83    5.587   90.344   0.940
1998-03-20 00:00:00    2.966    1.665 1009.09    9.793   80.172   0.788
1998-03-20 06:00:00    4.466    1.665 1009.09   13.793   70.172   0.638
1998-03-20 12:00:00    2.966    1.665 1009.09    9.793   80.172   0.788
1998-03-20 18:00:00    1.466    1.665 1009.09    5.793   90.172   0.938
1998-03-21 00:00:00    3.000    1.652 1008.13   10.000   80.000   0.787
1998-03-21 06:00:00    4.500    1.652 1008.13   14.000   70.000   0.637
1998-03-21 12:00:00    3.000    1.652 1008.13   10.000   80.000   0.787
1998-03-21 18:00:00    1.500    1.652 1008.13    6.000   90.000   0.937
1998-03-22 00:00:00    3.034    1.639 1008.13   10.207   79.828   0.786
1998-03-22 06:00:00    4.534    1.639 1008.13   14.207   69.828   0.636
1998-03-22 12:00:00    3.034    1.639 1008.13   10.207   79.828   0.786
1998-03-22 18:00:00    1.534    1.639 1008.13    6.207   89.828   0.936
1998-03-23 00:00:00    3.069    1.625 1009.09   10.413   79.656   0.784
1998-03-23 06:00:00    4.569    1.625 1009.09   14.413   69.656   0.634
1998-03-23 12:00:00    3.069    1.625 1009.09   10.413   79.656   0.784
1998-03-23 18:00:00    1.569    1.625 1009.09    6.413   89.656   0.934
1998-03-24 00:00:00    3.103    1.612 1010.83   10.619   79.484   0.783
1998-03-24 06:00:00    4.603    1.612 1010.83   14.619   69.484   0.633
1998-03-24 12:00:00    3.103    1.612 1010.83   10.619   79.484   0.783
1998-03-24 18:00:00    1.603    1.612 1010.83    6.619   89.484   0.933
1998-03-25 00:00:00    3.138    1.598 1013.00   10.826   79.312   0.781
1998-03-25 06:00:00    4.638    1.598 1013.00   14.826   69.312   0.631
1998-03-25 12:00:00    3.138    1.598 1013.00   10.826   79.312   0.781
1998-03-25 18:00:00    1.638    1.598 1013.00    6.826   89.312   0.931
1998-03-26 00:00:00    3.172    1.584 1015.17   11.032   79.140   0.779
1998-03-26 06:00:00    4.672    1.584 1015.17   15.032   69.140   0.629
1998-03-26 12:00:00    3.172    1.584 1015.17   11.032   79.140   0.779
1998-03-26 18:00:00    1.672    1.584 1015.17    7.032   89.140   0.929
1998-03-27 00:00:00    3.206    1.570 1016.91   11.237   78.969   0.778
1998-03-27 06:00:00    4.706    1.570 1016.91   15.237   68.969   0.628
1998-03-27 12:00:00    3.206    1.570 1016.91   11.237   78.969   0.778
1998-03-27 18:00:00    1.706    1.570 1016.91    7.237   88.969   0.928
1998-03-28 00:00:00    3.240    1.556 1017.87   11.442   78.798   0.776
1998-03-28 06:00:00    4.740    1.556 1017.87   15.442   68.798   0.626
1998-03-28 12:00:00    3.240    1.556 1017.87   11.442   78.798   0.776
1998-03-28 18:00:00    1.740    1.556 1017.87    7.442   88.798   0.926
1998-03-29 00:00:00    3.275    1.542 1017.87   11.647   78.627   0.774
1998-03-29 06:00:00    4.775    1.542 1017.87   15.647   68.627   0.624
1998-03-29 12:00:00    3.275    1.542 1017.87   11.647   78.627   0.774
1998-03-29 18:00:00    1.775    1.542 1017.87    7.647   88.627   0.924
1998-03-30 00:00:00    3.309    1.527 1016.91   11.852   78.457   0.772
1998-03-30 06:00:00    4.809    1.527 1016.91   15.852   68.457   0.622
1998-03-30 12:00:00    3.309    1.527 1016.91   11.852   78.457   0.772
1998-03-30 18:00:00    1.809    1.527 1016.91    7.852   88.457   0.922
1998-03-31 00:00:00    3.343    1.512 1015.17   12.056   78.287   0.770
1998-03-31 06:00:00    4.843    1.512 1015.17   16.056   68.287   0.620
1998-03-31 12:00:00    3.343    1.512 1015.17   12.056   78.287   0.770
1998-03-31 18:00:00    1.843    1.512 1015.17    8.056   88.287   0.920
1998-04-01 00:00:00    3.376    1.498 1013.00   12.259   78.118   0.768
1998-04-01 06:00:00    4.876    1.498 1013.00   16.259   68.118   0.618
1998-04-01 12:00:00    3.376    1.498 1013.00   12.259   78.118   0.768
1998-04-01 18:00:00    1.876    1.498 1013.00    8.259   88.118   0.918
1998-04-02 00:00:00    3.410    1.483 1010.83   12.461   77.949   0.766
1998-04-02 06:00:00    4.910    1.483 1010.83   16.461   67.949   0.616
1998-04-02 12:00:00    3.410    1.483 1010.83   12.461   77.949   0.766
1998-04-02 18:00:00    1.910    1.483 1010.83    8.461   87.949   0.916
1998-04-03 00:00:00    3.444    1.467 1009.09   12.663   77.781   0.764
1998-04-03 06:00:00    4.944    1.467 1009.09   16.663   67.781   0.614
1998-04-03 12:00:00    3.444    1.467 1009.09   12.663   77.781   0.764
1998-04-03 18:00:00    1.944    1.467 1009.09    8.663   87.781   0.914
1998-04-04 00:00:00    3.477    1.452 1008.13   12.864   77.613   0.761
1998-04-04 06:00:00    4.977    1.452 1008.13   16.864   67.613   0.611
1998-04-04 12:00:00    3.477    1.452 1008.13   12.864   77.613   0.761
1998-04-04 18:00:00    1.977    1.452 1008.13    8.864   87.613   0.911
1998-04-05 00:00:00    3.511    1.437 1008.13   13.064   77.446   0.759
1998-04-05 06:00:00    5.011    1.437 1008.13   17.064   67.446   0.609
1998-04-05 12:00:00    3.511    1.437 1008.13   13.064   77.446   0.759
1998-04-05 18:00:00    2.011    1.437 1008.13    9.064   87.446   0.909
1998-04-06 00:00:00    3.544    1.421 1009.09   13.263   77.280   0.757
1998-04-06 06:00:00    5.044    1.421 1009.09   17.263   67.280   0.607
1998-04-06 12:00:00    3.544    1.421 1009.09   13.263   77.280   0.757
1998-04-06 18:00:00    2.044    1.421 1009.09    9.263   87.280   0.907
1998-04-07 00:00:00    3.577    1.405 1010.83   13.462   77.115   0.754
1998-04-07 06:00:00    5.077    1.405 1010.83   17.462   67.115   0.604
1998-04-07 12:00:00    3.577    1.405 1010.83   13.462   77.115   0.754
1998-04-07 18:00:00    2.077    1.405 1010.83    9.462   87.115   0.904
1998-04-08 00:00:00    3.610    1.390 1013.00   13.659   76.951   0.752
1998-04-08 06:00:00    5.110    1.390 1013.00   17.659   66.951   0.602
1998-04-08 12:00:00    3.610    1.390 1013.00   13.659   76.951   0.752
1998-04-08 18:00:00    2.110    1.390 1013.00    9.659   86.951   0.902
1998-04-09 00:00:00    3.643    1.374 1015.17   13.855   76.787   0.749
1998-04-09 06:00:00    5.143    1.374 1015.17   17.855   66.787   0.599
1998-04-09 12:00:00    3.643    1.374 1015.17   13.855   76.787   0.749
1998-04-09 18:00:00    2.143    1.374 1015.17    9.855   86.787   0.899
1998-04-10 00:00:00    3.675    1.358 1016.91   14.050   76.625   0.746
1998-04-10 06:00:00    5.175    1.358 1016.91   18.050   66.625   0.596
1998-04-10 12:00:00    3.675    1.358 1016.91   14.050   76.625   0.746
1998-04-10 18:00:00    2.175    1.358 1016.91   10.050   86.625   0.896
1998-04-11 00:00:00    3.707    1.342 1017.87   14.244   76.463   0.744
1998-04-11 06:00:00    5.207    1.342 1017.87   18.244   66.463   0.594
1998-04-11 12:00:00    3.707    1.342 1017.87   14.244   76.463   0.744
1998-04-11 18:00:00    2.207    1.342 1017.87   10.244   86.463   0.894
1998-04-12 00:00:00    3.739    1.325 1017.87   14.437   76.303   0.741
1998-04-12 06:00:00    5.239    1.325 1017.87   18.437   66.303   0.591
1998-04-12 12:00:00    3.739    1.325 1017.87   14.437   76.303   0.741
1998-04-12 18:00:00    2.239    1.325 1017.87   10.437   86.303   0.891
1998-04-13 00:00:00    3.771    1.309 1016.91   14.628   76.143   0.738
1998-04-13 06:00:00    5.271    1.309 1016.91   18.628   66.143   0.588
1998-04-13 12:00:00    3.771    1.309 1016.91   14.628   76.143   0.738
1998-04-13 18:00:00    2.271    1.309 1016.91   10.628   86.143   0.888
1998-04-14 00:00:00    3.803    1.293 1015.17   14.818   75.985   0.735
1998-04-14 06:00:00    5.303    1.293 1015.17   18.818   65.985   0.585
1998-04-14 12:00:00    3.803    1.293 1015.17   14.818   75.985   0.735
1998-04-14 18:00:00    2.303    1.293 1015.17   10.818   85.985   0.885
1998-04-15 00:00:00    3.834    1.276 1013.00   15.006   75.828   0.732
1998-04-15 06:00:00    5.334    1.276 1013.00   19.006   65.828   0.582
1998-04-15 12:00:00    3.834    1.276 1013.00   15.006   75.828   0.732
1998-04-15 18:00:00    2.334    1.276 1013.00   11.006   85.828   0.882
1998-04-16 00:00:00    3.866    1.260 1010.83   15.193   75.672   0.729
1998-04-16 06:00:00    5.366    1.260 1010.83   19.193   65.672   0.579
1998-04-16 12:00:00    3.866    1.260 1010.83   15.193   75.672   0.729
1998-04-16 18:00:00    2.366    1.260 1010.83   11.193   85.672   0.879
1998-04-17 00:00:00    3.896    1.243 1009.09   15.379   75.518   0.726
1998-04-17 06:00:00    5.396    1.243 1009.09   19.379   65.518   0.576
1998-04-17 12:00:00    3.896    1.243 1009.09   15.379   75.518   0.726
1998-04-17 18:00:00    2.396    1.243 1009.09   11.379   85.518   0.876
1998-04-18 00:00:00    3.927    1.226 1008.13   15.563   75.364   0.723
1998-04-18 06:00:00    5.427    1.226 1008.13   19.563   65.364   0.573
1998-04-18 12:00:00    3.927    1.226 1008.13   15.563   75.364   0.723
1998-04-18 18:00:00    2.427    1.226 1008.13   11.563   85.364   0.873
1998-04-19 00:00:00    3.957    1.209 1008.13   15.745   75.213   0.720
1998-04-19 06:00:00    5.457    1.209 1008.13   19.745   65.213   0.570
1998-04-19 12:00:00    3.957    1.209 1008.13   15.745   75.213   0.720
1998-04-19 18:00:00    2.457    1.209 1008.13   11.745   85.213   0.870
1998-04-20 00:00:00    3.988    1.192 1009.09   15.925   75.062   0.717
1998-04-20 06:00:00    5.488    1.192 1009.09   19.925   65.062   0.567
1998-04-20 12:00:00    3.988    1.192 1009.09   15.925   75.062   0.717
1998-04-20 18:00:00    2.488    1.192 1009.09   11.925   85.062   0.867
1998-04-21 00:00:00    4.017    1.176 1010.83   16.104   74.913   0.714
1998-04-21 06:00:00    5.517    1.176 1010.83   20.104   64.913   0.564
1998-04-21 12:00:00    4.017    1.176 1010.83   16.104   74.913   0.714
1998-04-21 18:00:00    2.517    1.176 1010.83   12.104   84.913   0.864
1998-04-22 00:00:00    4.047    1.159 1013.00   16.281   74.766   0.711
1998-04-22 06:00:00    5.547    1.159 1013.00   20.281   64.766   0.561
1998-04-22 12:00:00    4.047    1.159 1013.00   16.281   74.766   0.711
1998-04-22 18:00:00    2.547    1.159 1013.00   12.281   84.766   0.861
1998-04-23 00:00:00    4.076    1.142 1015.17   16.456   74.620   0.707
1998-04-23 06:00:00    5.576    1.142 1015.17   20.456   64.620   0.557
1998-04-23 12:00:00    4.076    1.142 1015.17   16.456   74.620   0.707
1998-04-23 18:00:00    2.576    1.142 1015.17   12.456   84.620   0.857
1998-04-24 00:00:00    4.105    1.124 1016.91   16.629   74.476   0.704
1998-04-24 06:00:00    5.605    1.124 1016.91   20.629   64.476   0.554
1998-04-24 12:00:00    4.105    1.124 1016.91   16.629   74.476   0.704
1998-04-24 18:00:00    2.605    1.124 1016.91   12.629   84.476   0.854
1998-04-25 00:00:00    4.133    1.107 1017.87   16.800   74.333   0.700
1998-04-25 06:00:00    5.633    1.107 1017.87   20.800   64.333   0.550
1998-04-25 12:00:00    4.133    1.107 1017.87   16.800   74.333   0.700
1998-04-25 18:00:00    2.633    1.107 1017.87   12.800   84.333   0.850
1998-04-26 00:00:00    4.162    1.090 1017.87   16.970   74.192   0.697
1998-04-26 06:00:00    5.662    1.090 1017.87   20.970   64.192   0.547
1998-04-26 12:00:00    4.162    1.090 1017.87   16.970   74.192   0.697
1998-04-26 18:00:00    2.662    1.090 1017.87   12.970   84.192   0.847
1998-04-27 00:00:00    4.189    1.073 1016.91   17.137   74.053   0.693
1998-04-27 06:00:00    5.689    1.073 1016.91   21.137   64.053   0.543
1998-04-27 12:00:00    4.189    1.073 1016.91   17.137   74.053   0.693
1998-04-27 18:00:00    2.689    1.073 1016.91   13.137   84.053   0.843
1998-04-28 00:00:00    4.217    1.056 1015.17   17.302   73.915   0.690
1998-04-28 06:00:00    5.717    1.056 1015.17   21.302   63.915   0.540
1998-04-28 12:00:00    4.217    1.056 1015.17   17.302   73.915   0.690
1998-04-28 18:00:00    2.717    1.056 1015.17   13.302   83.915   0.840
1998-04-29 00:00:00    4.244    1.039 1013.00   17.465   73.780   0.686
1998-04-29 06:00:00    5.744    1.039 1013.00   21.465   63.780   0.536
1998-04-29 12:00:00    4.244    1.039 1013.00   17.465   73.780   0.686
1998-04-29 18:00:00    2.744    1.039 1013.00   13.465   83.780   0.836
1998-04-30 00:00:00    4.271    1.022 1010.83   17.625   73.646   0.683
1998-04-30 06:00:00    5.771    1.022 1010.83   21.625   63.646   0.533
1998-04-30 12:00:00    4.271    1.022 1010.83   17.625   73.646   0.683
1998-04-30 18:00:00    2.771    1.022 1010.83   13.625   83.646   0.833
1998-05-01 00:00:00    4.297    1.004 1009.09   17.784   73.514   0.679
1998-05-01 06:00:00    5.797    1.004 1009.09   21.784   63.514   0.529
1998-05-01 12:00:00    4.297    1.004 1009.09   17.784   73.514   0.679
1998-05-01 18:00:00    2.797    1.004 1009.09   13.784   83.514   0.829
1998-05-02 00:00:00    4.323    0.987 1008.13   17.940   73.384   0.675
1998-05-02 06:00:00    5.823    0.987 1008.13   21.940   63.384   0.525
1998-05-02 12:00:00    4.323    0.987 1008.13   17.940   73.384   0.675
1998-05-02 18:00:00    2.823    0.987 1008.13   13.940   83.384   0.825
1998-05-03 00:00:00    4.349    0.970 1008.13   18.093   73.256   0.672
1998-05-03 06:00:00    5.849    0.970 1008.13   22.093   63.256   0.522
1998-05-03 12:00:00    4.349    0.970 1008.13   18.093   73.256   0.672
1998-05-03 18:00:00    2.849    0.970 1008.13   14.093   83.256   0.822
1998-05-04 00:00:00    4.374    0.953 1009.09   18.245   73.129   0.668
1998-05-04 06:00:00    5.874    0.953 1009.09   22.245   63.129   0.518
1998-05-04 12:00:00    4.374    0.953 1009.09   18.245   73.129   0.668
1998-05-04 18:00:00    2.874    0.953 1009.09   14.245   83.129   0.818
1998-05-05 00:00:00    4.399    0.935 1010.83   18.393   73.005   0.664
1998-05-05 06:00:00    5.899    0.935 1010.83   22.393   63.005   0.514
1998-05-05 12:00:00    4.399    0.935 1010.83   18.393   73.005   0.664
1998-05-05 18:00:00    2.899    0.935 1010.83   14.393   83.005   0.814
1998-05-06 00:00:00    4.423    0.918 1013.00   18.540   72.883   0.660
1998-05-06 06:00:00    5.923    0.918 1013.00   22.540   62.883   0.510
1998-05-06 12:00:00    4.423    0.918 1013.00   18.540   72.883   0.660
1998-05-06 18:00:00    2.923    0.918 1013.00   14.540   82.883   0.810
1998-05-07 00:00:00    4.447    0.901 1015.17   18.684   72.764   0.656
1998-05-07 06:00:00    5.947    0.901 1015.17   22.684   62.764   0.506
1998-05-07 12:00:00    4.447    0.901 1015.17   18.684   72.764   0.656
1998-05-07 18:00:00    2.947    0.901 1015.17   14.684   82.764   0.806
1998-05-08 00:00:00    4.471    0.884 1016.91   18.825   72.646   0.652
1998-05-08 06:00:00    5.971    0.884 1016.91   22.825   62.646   0.502
1998-05-08 12:00:00    4.471    0.884 1016.91   18.825   72.646   0.652
1998-05-08 18:00:00    2.971    0.884 1016.91   14.825   82.646   0.802
1998-05-09 00:00:00    4.494    0.867 1017.87   18.964   72.530   0.648
1998-05-09 06:00:00    5.994    0.867 1017.87   22.964   62.530   0.498
1998-05-09 12:00:00    4.494    0.867 1017.87   18.964   72.530   0.648
1998-05-09 18:00:00    2.994    0.867 1017.87   14.964   82.530   0.798
1998-05-10 00:00:00    4.517    0.850 1017.87   19.100   72.417   0.644
1998-05-10 06:00:00    6.017    0.850 1017.87   23.100   62.417   0.494
1998-05-10 12:00:00    4.517    0.850 1017.87   19.100   72.417   0.644
1998-05-10 18:00:00    3.017    0.850 1017.87   15.100   82.417   0.794
1998-05-11 00:00:00    4.539    0.833 1016.91   19.233   72.306   0.640
1998-05-11 06:00:00    6.039    0.833 1016.91   23.233   62.306   0.490
1998-05-11 12:00:00    4.539    0.833 1016.91   19.233   72.306   0.640
1998-05-11 18:00:00    3.039    0.833 1016.91   15.233   82.306   0.790
1998-05-12 00:00:00    4.561    0.816 1015.17   19.364   72.197   0.636
1998-05-12 06:00:00    6.061    0.816 1015.17   23.364   62.197   0.486
1998-05-12 12:00:00    4.561    0.816 1015.17   19.364   72.197   0.636
1998-05-12 18:00:00    3.061    0.816 1015.17   15.364   82.197   0.786
1998-05-13 00:00:00    4.582    0.799 1013.00   19.491   72.091   0.632
1998-05-13 06:00:00    6.082    0.799 1013.00   23.491   62.091   0.482
1998-05-13 12:00:00    4.582    0.799 1013.00   19.491   72.091   0.632
1998-05-13 18:00:00    3.082    0.799 1013.00   15.491   82.091   0.782
1998-05-14 00:00:00    4.603    0.782 1010.83   19.616   71.986   0.628
1998-05-14 06:00:00    6.103    0.782 1010.83   23.616   61.986   0.478
1998-05-14 12:00:00    4.603    0.782 1010.83   19.616   71.986   0.628
1998-05-14 18:00:00    3.103    0.782 1010.83   15.616   81.986   0.778
1998-05-15 00:00:00    4.623    0.766 1009.09   19.738   71.885   0.624
1998-05-15 06:00:00    6.123    0.766 1009.09   23.738   61.885   0.474
1998-05-15 12:00:00    4.623    0.766 1009.09   19.738   71.885   0.624
1998-05-15 18:00:00    3.123    0.766 1009.09   15.738   81.885   0.774
1998-05-16 00:00:00    4.643    0.749 1008.13   19.858   71.785   0.620
1998-05-16 06:00:00    6.143    0.749 1008.13   23.858   61.785   0.470
1998-05-16 12:00:00    4.643    0.749 1008.13   19.858   71.785   0.620
1998-05-16 18:00:00    3.143    0.749 1008.13   15.858   81.785   0.770
1998-05-17 00:00:00    4.662    0.732 1008.13   19.974   71.688   0.616
1998-05-17 06:00:00    6.162    0.732 1008.13   23.974   61.688   0.466
1998-05-17 12:00:00    4.662    0.732 1008.13   19.974   71.688   0.616
1998-05-17 18:00:00    3.162    0.732 1008.13   15.974   81.688   0.766
1998-05-18 00:00:00    4.681    0.716 1009.09   20.087   71.594   0.612
1998-05-18 06:00:00    6.181    0.716 1009.09   24.087   61.594   0.462
1998-05-18 12:00:00    4.681    0.716 1009.09   20.087   71.594   0.612
1998-05-18 18:00:00    3.181    0.716 1009.09   16.087   81.594   0.762
1998-05-19 00:00:00    4.700    0.699 1010.83   20.198   71.502   0.608
1998-05-19 06:00:00    6.200    0.699 1010.83   24.198   61.502   0.458
1998-05-19 12:00:00    4.700    0.699 1010.83   20.198   71.502   0.608
1998-05-19 18:00:00    3.200    0.699 1010.83   16.198   81.502   0.758
1998-05-20 00:00:00    4.718    0.683 1013.00   20.305   71.412   0.603
1998-05-20 06:00:00    6.218    0.683 1013.00   24.305   61.412   0.453
1998-05-20 12:00:00    4.718    0.683 1013.00   20.305   71.412   0.603
1998-05-20 18:00:00    3.218    0.683 1013.00   16.305   81.412   0.753
1998-05-21 00:00:00    4.735    0.667 1015.17   20.409   71.325   0.599
1998-05-21 06:00:00    6.235    0.667 1015.17   24.409   61.325   0.449
1998-05-21 12:00:00    4.735    0.667 1015.17   20.409   71.325   0.599
1998-05-21 18:00:00    3.235    0.667 1015.17   16.409   81.325   0.749
1998-05-22 00:00:00    4.752    0.650 1016.91   20.511   71.241   0.595
1998-05-22 06:00:00    6.252    0.650 1016.91   24.511   61.241   0.445
1998-05-22 12:00:00    4.752    0.650 1016.91   20.511   71.241   0.595
1998-05-22 18:00:00    3.252    0.650 1016.91   16.511   81.241   0.745
1998-05-23 00:00:00    4.768    0.634 1017.87   20.609   71.159   0.591
1998-05-23 06:00:00    6.268    0.634 1017.87   24.609   61.159   0.441
1998-05-23 12:00:00    4.768    0.634 1017.87   20.609   71.159   0.591
1998-05-23 18:00:00    3.268    0.634 1017.87   16.609   81.159   0.741
1998-05-24 00:00:00    4.784    0.618 1017.87   20.704   71.080   0.586
1998-05-24 06:00:00    6.284    0.618 1017.87   24.704   61.080   0.436
1998-05-24 12:00:00    4.784    0.618 1017.87   20.704   71.080   0.586
1998-05-24 18:00:00    3.284    0.618 1017.87   16.704   81.080   0.736
1998-05-25 00:00:00    4.799    0.602 1016.91   20.796   71.004   0.582
1998-05-25 06:00:00    6.299    0.602 1016.91   24.796   61.004   0.432
1998-05-25 12:00:00    4.799    0.602 1016.91   20.796   71.004   0.582
1998-05-25 18:00:00    3.299    0.602 1016.91   16.796   81.004   0.732
1998-05-26 00:00:00    4.814    0.587 1015.17   20.884   70.930   0.578
1998-05-26 06:00:00    6.314    0.587 1015.17   24.884   60.930   0.428
1998-05-26 12:00:00    4.814    0.587 1015.17   20.884   70.930   0.578
1998-05-26 18:00:00    3.314    0.587 1015.17   16.884   80.930   0.728
1998-05-27 00:00:00    4.828    0.571 1013.00   20.970   70.859   0.574
1998-05-27 06:00:00    6.328    0.571 1013.00   24.970   60.859   0.424
1998-05-27 12:00:00    4.828    0.571 1013.00   20.970   70.859   0.574
1998-05-27 18:00:00    3.328    0.571 1013.00   16.970   80.859   0.724
1998-05-28 00:00:00    4.842    0.556 1010.83   21.052   70.790   0.569
1998-05-28 06:00:00    6.342    0.556 1010.83   25.052   60.790   0.419
1998-05-28 12:00:00    4.842    0.556 1010.83   21.052   70.790   0.569
1998-05-28 18:00:00    3.342    0.556 1010.83   17.052   80.790   0.719
1998-05-29 00:00:00    4.855    0.540 1009.09   21.131   70.725   0.565
1998-05-29 06:00:00    6.355    0.540 1009.09   25.131   60.725   0.415
1998-05-29 12:00:00    4.855    0.540 1009.09   21.131   70.725   0.565
1998-05-29 18:00:00    3.355    0.540 1009.09   17.131   80.725   0.715
1998-05-30 00:00:00    4.868    0.525 1008.13   21.206   70.662   0.561
1998-05-30 06:00:00    6.368    0.525 1008.13   25.206   60.662   0.411
1998-05-30 12:00:00    4.868    0.525 1008.13   21.206   70.662   0.561
1998-05-30 18:00:00    3.368    0.525 1008.13   17.206   80.662   0.711
1998-05-31 00:00:00    4.880    0.510 1008.13   21.278   70.601   0.556
1998-05-31 06:00:00    6.380    0.510 1008.13   25.278   60.601   0.406
1998-05-31 12:00:00    4.880    0.510 1008.13   21.278   70.601   0.556
1998-05-31 18:00:00    3.380    0.510 1008.13   17.278   80.601   0.706
1998-06-01 00:00:00    4.891    0.495 1009.09   21.347   70.544   0.552
1998-06-01 06:00:00    6.391    0.495 1009.09   25.347   60.544   0.402
1998-06-01 12:00:00    4.891    0.495 1009.09   21.347   70.544   0.552
1998-06-01 18:00:00    3.391    0.495 1009.09   17.347   80.544   0.702
1998-06-02 00:00:00    4.902    0.480 1010.83   21.413   70.489   0.548
1998-06-02 06:00:00    6.402    0.480 1010.83   25.413   60.489   0.398
1998-06-02 12:00:00    4.902    0.480 1010.83   21.413   70.489   0.548
1998-06-02 18:00:00    3.402    0.480 1010.83   17.413   80.489   0.698
1998-06-03 00:00:00    4.912    0.466 1013.00   21.475   70.438   0.544
1998-06-03 06:00:00    6.412    0.466 1013.00   25.475   60.438   0.394
1998-06-03 12:00:00    4.912    0.466 1013.00   21.475   70.438   0.544
1998-06-03 18:00:00    3.412    0.466 1013.00   17.475   80.438   0.694
1998-06-04 00:00:00    4.922    0.451 1015.17   21.534   70.389   0.539
1998-06-04 06:00:00    6.422    0.451 1015.17   25.534   60.389   0.389
1998-06-04 12:00:00    4.922    0.451 1015.17   21.534   70.389   0.539
1998-06-04 18:00:00    3.422    0.451 1015.17   17.534   80.389   0.689
1998-06-05 00:00:00    4.931    0.437 1016.91   21.589   70.343   0.535
1998-06-05 06:00:00    6.431    0.437 1016.91   25.589   60.343   0.385
1998-06-05 12:00:00    4.931    0.437 1016.91   21.589   70.343   0.535
1998-06-05 18:00:00    3.431    0.437 1016.91   17.589   80.343   0.685
1998-06-06 00:00:00    4.940    0.423 1017.87   21.641   70.299   0.531
1998-06-06 06:00:00    6.440    0.423 1017.87   25.641   60.299   0.381
1998-06-06 12:00:00    4.940    0.423 1017.87   21.641   70.299   0.531
1998-06-06 18:00:00    3.440    0.423 1017.87   17.641   80.299   0.681
1998-06-07 00:00:00    4.948    0.409 1017.87   21.689   70.259   0.526
1998-06-07 06:00:00    6.448    0.409 1017.87   25.689   60.259   0.376
1998-06-07 12:00:00    4.948    0.409 1017.87   21.689   70.259   0.526
1998-06-07 18:00:00    3.448    0.409 1017.87   17.689   80.259   0.676
1998-06-08 00:00:00    4.956    0.395 1016.91   21.734   70.222   0.522
1998-06-08 06:00:00    6.456    0.395 1016.91   25.734   60.222   0.372
1998-06-08 12:00:00    4.956    0.395 1016.91   21.734   70.222   0.522
1998-06-08 18:00:00    3.456    0.395 1016.91   17.734   80.222   0.672
1998-06-09 00:00:00    4.963    0.381 1015.17   21.776   70.187   0.518
1998-06-09 06:00:00    6.463    0.381 1015.17   25.776   60.187   0.368
1998-06-09 12:00:00    4.963    0.381 1015.17   21.776   70.187   0.518
1998-06-09 18:00:00    3.463    0.381 1015.17   17.776   80.187   0.668
1998-06-10 00:00:00    4.969    0.368 1013.00   21.814   70.155   0.514
1998-06-10 06:00:00    6.469    0.368 1013.00   25.814   60.155   0.364
1998-06-10 12:00:00    4.969    0.368 1013.00   21.814   70.155   0.514
1998-06-10 18:00:00    3.469    0.368 1013.00   17.814   80.155   0.664
1998-06-11 00:00:00    4.975    0.355 1010.83   21.848   70.127   0.509
1998-06-11 06:00:00    6.475    0.355 1010.83   25.848   60.127   0.359
1998-06-11 12:00:00    4.975    0.355 1010.83   21.848   70.127   0.509
1998-06-11 18:00:00    3.475    0.355 1010.83   17.848   80.127   0.659
1998-06-12 00:00:00    4.980    0.342 1009.09   21.879   70.101   0.505
1998-06-12 06:00:00    6.480    0.342 1009.09   25.879   60.101   0.355
1998-06-12 12:00:00    4.980    0.342 1009.09   21.879   70.101   0.505
1998-06-12 18:00:00    3.480    0.342 1009.09   17.879   80.101   0.655
1998-06-13 00:00:00    4.984    0.329 1008.13   21.907   70.078   0.501
1998-06-13 06:00:00    6.484    0.329 1008.13   25.907   60.078   0.351
1998-06-13 12:00:00    4.984    0.329 1008.13   21.907   70.078   0.501
1998-06-13 18:00:00    3.484    0.329 1008.13   17.907   80.078   0.651
1998-06-14 00:00:00    4.988    0.316 1008.13   21.931   70.058   0.497
1998-06-14 06:00:00    6.488    0.316 1008.13   25.931   60.058   0.347
1998-06-14 12:00:00    4.988    0.316 1008.13   21.931   70.058   0.497
1998-06-14 18:00:00    3.488    0.316 1008.13   17.931   80.058   0.647
1998-06-15 00:00:00    4.992    0.304 1009.09   21.951   70.041   0.492
1998-06-15 06:00:00    6.492    0.304 1009.09   25.951   60.041   0.342
1998-06-15 12:00:00    4.992    0.304 1009.09   21.951   70.041   0.492
1998-06-15 18:00:00    3.492    0.304 1009.09   17.951   80.041   0.642
1998-06-16 00:00:00    4.995    0.291 1010.83   21.968   70.027   0.488
1998-06-16 06:00:00    6.495    0.291 1010.83   25.968   60.027   0.338
1998-06-16 12:00:00    4.995    0.291 1010.83   21.968   70.027   0.488
1998-06-16 18:00:00    3.495    0.291 1010.83   17.968   80.027   0.638
1998-06-17 00:00:00    4.997    0.279 1013.00   21.981   70.016   0.484
1998-06-17 06:00:00    6.497    0.279 1013.00   25.981   60.016   0.334
1998-06-17 12:00:00    4.997    0.279 1013.00   21.981   70.016   0.484
1998-06-17 18:00:00    3.497    0.279 1013.00   17.981   80.016   0.634
1998-06-18 00:00:00    4.999    0.268 1015.17   21.991   70.007   0.480
1998-06-18 06:00:00    6.499    0.268 1015.17   25.991   60.007   0.330
1998-06-18 12:00:00    4.999    0.268 1015.17   21.991   70.007   0.480
1998-06-18 18:00:00    3.499    0.268 1015.17   17.991   80.007   0.630
1998-06-19 00:00:00    5.000    0.256 1016.91   21.997   70.002   0.476
1998-06-19 06:00:00    6.500    0.256 1016.91   25.997   60.002   0.326
1998-06-19 12:00:00    5.000    0.256 1016.91   21.997   70.002   0.476
1998-06-19 18:00:00    3.500    0.256 1016.91   17.997   80.002   0.626
1998-06-20 00:00:00    5.000    0.245 1017.87   22.000   70.000   0.472
1998-06-20 06:00:00    6.500    0.245 1017.87   26.000   60.000   0.322
1998-06-20 12:00:00    5.000    0.245 1017.87   22.000   70.000   0.472
1998-06-20 18:00:00    3.500    0.245 1017.87   18.000   80.000   0.622
1998-06-21 00:00:00    5.000    0.233 1017.87   21.999   70.001   0.468
1998-06-21 06:00:00    6.500    0.233 1017.87   25.999   60.001   0.318
1998-06-21 12:00:00    5.000    0.233 1017.87   21.999   70.001   0.468
1998-06-21 18:00:00    3.500    0.233 1017.87   17.999   80.001   0.618
1998-06-22 00:00:00    4.999    0.222 1016.91   21.995   70.005   0.464
1998-06-22 06:00:00    6.499    0.222 1016.91   25.995   60.005   0.314
1998-06-22 12:00:00    4.999    0.222 1016.91   21.995   70.005   0.464
1998-06-22 18:00:00    3.499    0.222 1016.91   17.995   80.005   0.614
1998-06-23 00:00:00    4.998    0.212 1015.17   21.987   70.011   0.460
1998-06-23 06:00:00    6.498    0.212 1015.17   25.987   60.011   0.310
1998-06-23 12:00:00    4.998    0.212 1015.17   21.987   70.011   0.460
1998-06-23 18:00:00    3.498    0.212 1015.17   17.987   80.011   0.610
1998-06-24 00:00:00    4.996    0.201 1013.00   21.975   70.021   0.456
1998-06-24 06:00:00    6.496    0.201 1013.00   25.975   60.021   0.306
1998-06-24 12:00:00    4.996    0.201 1013.00   21.975   70.021   0.456
1998-06-24 18:00:00    3.496    0.201 1013.00   17.975   80.021   0.606
1998-06-25 00:00:00    4.993    0.191 1010.83   21.960   70.033   0.452
1998-06-25 06:00:00    6.493    0.191 1010.83   25.960   60.033   0.302
1998-06-25 12:00:00    4.993    0.191 1010.83   21.960   70.033   0.452
1998-06-25 18:00:00    3.493    0.191 1010.83   17.960   80.033   0.602
1998-06-26 00:00:00    4.990    0.181 1009.09   21.941   70.049   0.448
1998-06-26 06:00:00    6.490    0.181 1009.09   25.941   60.049   0.298
1998-06-26 12:00:00    4.990    0.181 1009.09   21.941   70.049   0.448
1998-06-26 18:00:00    3.490    0.181 1009.09   17.941   80.049   0.598
1998-06-27 00:00:00    4.987    0.171 1008.13   21.919   70.067   0.444
1998-06-27 06:00:00    6.487    0.171 1008.13   25.919   60.067   0.294
1998-06-27 12:00:00    4.987    0.171 1008.13   21.919   70.067   0.444
1998-06-27 18:00:00    3.487    0.171 1008.13   17.919   80.067   0.594
1998-06-28 00:00:00    4.982    0.162 1008.13   21.893   70.089   0.440
1998-06-28 06:00:00    6.482    0.162 1008.13   25.893   60.089   0.290
1998-06-28 12:00:00    4.982    0.162 1008.13   21.893   70.089   0.440
1998-06-28 18:00:00    3.482    0.162 1008.13   17.893   80.089   0.590
1998-06-29 00:00:00    4.977    0.152 1009.09   21.864   70.113   0.436
1998-06-29 06:00:00    6.477    0.152 1009.09   25.864   60.113   0.286
1998-06-29 12:00:00    4.977    0.152 1009.09   21.864   70.113   0.436
1998-06-29 18:00:00    3.477    0.152 1009.09   17.864   80.113   0.586
1998-06-30 00:00:00    4.972    0.143 1010.83   21.831   70.141   0.432
1998-06-30 06:00:00    6.472    0.143 1010.83   25.831   60.141   0.282
1998-06-30 12:00:00    4.972    0.143 1010.83   21.831   70.141   0.432
1998-06-30 18:00:00    3.472    0.143 1010.83   17.831   80.141   0.582
1998-07-01 00:00:00    4.966    0.135 1013.00   21.795   70.171   0.428
1998-07-01 06:00:00    6.466    0.135 1013.00   25.795   60.171   0.278
1998-07-01 12:00:00    4.966    0.135 1013.00   21.795   70.171   0.428
1998-07-01 18:00:00    3.466    0.135 1013.00   17.795   80.171   0.578
1998-07-02 00:00:00    4.959    0.126 1015.17   21.755   70.204   0.425
1998-07-02 06:00:00    6.459    0.126 1015.17   25.755   60.204   0.275
1998-07-02 12:00:00    4.959    0.126 1015.17   21.755   70.204   0.425
1998-07-02 18:00:00    3.459    0.126 1015.17   17.755   80.204   0.575
1998-07-03 00:00:00    4.952    0.118 1016.91   21.712   70.240   0.421
1998-07-03 06:00:00    6.452    0.118 1016.91   25.712   60.240   0.271
1998-07-03 12:00:00    4.952    0.118 1016.91   21.712   70.240   0.421
1998-07-03 18:00:00    3.452    0.118 1016.91   17.712   80.240   0.571
1998-07-04 00:00:00    4.944    0.110 1017.87   21.665   70.279   0.417
1998-07-04 06:00:00    6.444    0.110 1017.87   25.665   60.279   0.267
1998-07-04 12:00:00    4.944    0.110 1017.87   21.665   70.279   0.417
1998-07-04 18:00:00    3.444    0.110 1017.87   17.665   80.279   0.567
1998-07-05 00:00:00    4.936    0.102 1017.87   21.615   70.321   0.414
1998-07-05 06:00:00    6.436    0.102 1017.87   25.615   60.321   0.264
1998-07-05 12:00:00    4.936    0.102 1017.87   21.615   70.321   0.414
1998-07-05 18:00:00    3.436    0.102 1017.87   17.615   80.321   0.564
1998-07-06 00:00:00    4.927    0.095 1016.91   21.562   70.365   0.410
1998-07-06 06:00:00    6.427    0.095 1016.91   25.562   60.365   0.260
1998-07-06 12:00:00    4.927    0.095 1016.91   21.562   70.365   0.410
1998-07-06 18:00:00    3.427    0.095 1016.91   17.562   80.365   0.560
1998-07-07 00:00:00    4.917    0.088 1015.17   21.505   70.413   0.407
1998-07-07 06:00:00    6.417    0.088 1015.17   25.505   60.413   0.257
1998-07-07 12:00:00    4.917    0.088 1015.17   21.505   70.413   0.407
1998-07-07 18:00:00    3.417    0.088 1015.17   17.505   80.413   0.557
1998-07-08 00:00:00    4.907    0.081 1013.00   21.444   70.463   0.403
1998-07-08 06:00:00    6.407    0.081 1013.00   25.444   60.463   0.253
1998-07-08 12:00:00    4.907    0.081 1013.00   21.444   70.463   0.403
1998-07-08 18:00:00    3.407    0.081 1013.00   17.444   80.463   0.553
1998-07-09 00:00:00    4.897    0.074 1010.83   21.380   70.516   0.400
1998-07-09 06:00:00    6.397    0.074 1010.83   25.380   60.516   0.250
1998-07-09 12:00:00    4.897    0.074 1010.83   21.380   70.516   0.400
1998-07-09 18:00:00    3.397    0.074 1010.83   17.380   80.516   0.550
1998-07-10 00:00:00    4.886    0.068 1009.09   21.313   70.572   0.396
1998-07-10 06:00:00    6.386    0.068 1009.09   25.313   60.572   0.246
1998-07-10 12:00:00    4.886    0.068 1009.09   21.313   70.572   0.396
1998-07-10 18:00:00    3.386    0.068 1009.09   17.313   80.572   0.546
1998-07-11 00:00:00    4.874    0.062 1008.13   21.243   70.631   0.393
1998-07-11 06:00:00    6.374    0.062 1008.13   25.243   60.631   0.243
1998-07-11 12:00:00    4.874    0.062 1008.13   21.243   70.631   0.393
1998-07-11 18:00:00    3.374    0.062 1008.13   17.243   80.631   0.543
1998-07-12 00:00:00    4.861    0.056 1008.13   21.169   70.693   0.389
1998-07-12 06:00:00    6.361    0.056 1008.13   25.169   60.693   0.239
1998-07-12 12:00:00    4.861    0.056 1008.13   21.169   70.693   0.389
1998-07-12 18:00:00    3.361    0.056 1008.13   17.169   80.693   0.539
1998-07-13 00:00:00    4.849    0.050 1009.09   21.091   70.757   0.386
1998-07-13 06:00:00    6.349    0.050 1009.09   25.091   60.757   0.236
1998-07-13 12:00:00    4.849    0.050 1009.09   21.091   70.757   0.386
1998-07-13 18:00:00    3.349    0.050 1009.09   17.091   80.757   0.536
1998-07-14 00:00:00    4.835    0.045 1010.83   21.011   70.824   0.383
1998-07-14 06:00:00    6.335    0.045 1010.83   25.011   60.824   0.233
1998-07-14 12:00:00    4.835    0.045 1010.83   21.011   70.824   0.383
1998-07-14 18:00:00    3.335    0.045 1010.83   17.011   80.824   0.533
1998-07-15 00:00:00    4.821    0.040 1013.00   20.927   70.894   0.380
1998-07-15 06:00:00    6.321    0.040 1013.00   24.927   60.894   0.230
1998-07-15 12:00:00    4.821    0.040 1013.00   20.927   70.894   0.380
1998-07-15 18:00:00    3.321    0.040 1013.00   16.927   80.894   0.530
1998-07-16 00:00:00    4.807    0.035 1015.17   20.840   70.966   0.377
1998-07-16 06:00:00    6.307    0.035 1015.17   24.840   60.966   0.227
1998-07-16 12:00:00    4.807    0.035 1015.17   20.840   70.966   0.377
1998-07-16 18:00:00    3.307    0.035 1015.17   16.840   80.966   0.527
1998-07-17 00:00:00    4.792    0.031 1016.91   20.750   71.042   0.374
1998-07-17 06:00:00    6.292    0.031 1016.91   24.750   61.042   0.224
1998-07-17 12:00:00    4.792    0.031 1016.91   20.750   71.042   0.374
1998-07-17 18:00:00    3.292    0.031 1016.91   16.750   81.042   0.524
1998-07-18 00:00:00    4.776    0.027 1017.87   20.657   71.119   0.371
1998-07-18 06:00:00    6.276    0.027 1017.87   24.657   61.119   0.221
1998-07-18 12:00:00    4.776    0.027 1017.87   20.657   71.119   0.371
1998-07-18 18:00:00    3.276    0.027 1017.87   16.657   81.119   0.521
1998-07-19 00:00:00    4.760    0.023 1017.87   20.560   71.200   0.368
1998-07-19 06:00:00    6.260    0.023 1017.87   24.560   61.200   0.218
1998-07-19 12:00:00    4.760    0.023 1017.87   20.560   71.200   0.368
1998-07-19 18:00:00    3.260    0.023 1017.87   16.560   81.200   0.518
1998-07-20 00:00:00    4.743    0.020 1016.91   20.460   71.283   0.365
1998-07-20 06:00:00    6.243    0.020 1016.91   24.460   61.283   0.215
1998-07-20 12:00:00    4.743    0.020 1016.91   20.460   71.283   0.365
1998-07-20 18:00:00    3.243    0.020 1016.91   16.460   81.283   0.515
1998-07-21 00:00:00    4.726    0.016 1015.17   20.358   71.369   0.362
1998-07-21 06:00:00    6.226    0.016 1015.17   24.358   61.369   0.212
1998-07-21 12:00:00    4.726    0.016 1015.17   20.358   71.369   0.362
1998-07-21 18:00:00    3.226    0.016 1015.17   16.358   81.369   0.512
1998-07-22 00:00:00    4.709    0.013 1013.00   20.252   71.457   0.359
1998-07-22 06:00:00    6.209    0.013 1013.00   24.252   61.457   0.209
1998-07-22 12:00:00    4.709    0.013 1013.00   20.252   71.457   0.359
1998-07-22 18:00:00    3.209    0.013 1013.00   16.252   81.457   0.509
1998-07-23 00:00:00    4.690    0.011 1010.83   20.143   71.548   0.356
1998-07-23 06:00:00    6.190    0.011 1010.83   24.143   61.548   0.206
1998-07-23 12:00:00    4.690    0.011 1010.83   20.143   71.548   0.356
1998-07-23 18:00:00    3.190    0.011 1010.83   16.143   81.548   0.506
1998-07-24 00:00:00    4.672    0.008 1009.09   20.031   71.641   0.354
1998-07-24 06:00:00    6.172    0.008 1009.09   24.031   61.641   0.204
1998-07-24 12:00:00    4.672    0.008 1009.09   20.031   71.641   0.354
1998-07-24 18:00:00    3.172    0.008 1009.09   16.031   81.641   0.504
1998-07-25 00:00:00    4.653    0.006 1008.13   19.916   71.736   0.351
1998-07-25 06:00:00    6.153    0.006 1008.13   23.916   61.736   0.201
1998-07-25 12:00:00    4.653    0.006 1008.13   19.916   71.736   0.351
1998-07-25 18:00:00    3.153    0.006 1008.13   15.916   81.736   0.501
1998-07-26 00:00:00    4.633    0.004 1008.13   19.798   71.835   0.348
1998-07-26 06:00:00    6.133    0.004 1008.13   23.798   61.835   0.198
1998-07-26 12:00:00    4.633    0.004 1008.13   19.798   71.835   0.348
1998-07-26 18:00:00    3.133    0.004 1008.13   15.798   81.835   0.498
1998-07-27 00:00:00    4.613    0.003 1009.09   19.678   71.935   0.346
1998-07-27 06:00:00    6.113    0.003 1009.09   23.678   61.935   0.196
1998-07-27 12:00:00    4.613    0.003 1009.09   19.678   71.935   0.346
1998-07-27 18:00:00    3.113    0.003 1009.09   15.678   81.935   0.496
1998-07-28 00:00:00    4.592    0.002 1010.83   19.554   72.038   0.343
1998-07-28 06:00:00    6.092    0.002 1010.83   23.554   62.038   0.193
1998-07-28 12:00:00    4.592    0.002 1010.83   19.554   72.038   0.343
1998-07-28 18:00:00    3.092    0.002 1010.83   15.554   82.038   0.493
1998-07-29 00:00:00    4.571    0.001 1013.00   19.428   72.144   0.341
1998-07-29 06:00:00    6.071    0.001 1013.00   23.428   62.144   0.191
1998-07-29 12:00:00    4.571    0.001 1013.00   19.428   72.144   0.341
1998-07-29 18:00:00    3.071    0.001 1013.00   15.428   82.144   0.491
1998-07-30 00:00:00    4.550    0.000 1015.17   19.299   72.251   0.339
1998-07-30 06:00:00    6.050    0.000 1015.17   23.299   62.251   0.189
1998-07-30 12:00:00    4.550    0.000 1015.17   19.299   72.251   0.339
1998-07-30 18:00:00    3.050    0.000 1015.17   15.299   82.251   0.489
1998-07-31 00:00:00    4.528    0.000 1016.91   19.167   72.361   0.336
1998-07-31 06:00:00    6.028    0.000 1016.91   23.167   62.361   0.186
1998-07-31 12:00:00    4.528    0.000 1016.91   19.167   72.361   0.336
1998-07-31 18:00:00    3.028    0.000 1016.91   15.167   82.361   0.486
1998-08-01 00:00:00    4.505    0.000 1017.87   19.032   72.473   0.334
1998-08-01 06:00:00    6.005    0.000 1017.87   23.032   62.473   0.184
1998-08-01 12:00:00    4.505    0.000 1017.87   19.032   72.473   0.334
1998-08-01 18:00:00    3.005    0.000 1017.87   15.032   82.473   0.484
1998-08-02 00:00:00    4.482    0.000 1017.87   18.895   72.588   0.332
1998-08-02 06:00:00    5.982    0.000 1017.87   22.895   62.588   0.182
1998-08-02 12:00:00    4.482    0.000 1017.87   18.895   72.588   0.332
1998-08-02 18:00:00    2.982    0.000 1017.87   14.895   82.588   0.482
1998-08-03 00:00:00    4.459    0.001 1016.91   18.755   72.704   0.330
1998-08-03 06:00:00    5.959    0.001 1016.91   22.755   62.704   0.180
1998-08-03 12:00:00    4.459    0.001 1016.91   18.755   72.704   0.330
1998-08-03 18:00:00    2.959    0.001 1016.91   14.755   82.704   0.480
1998-08-04 00:00:00    4.435    0.002 1015.17   18.612   72.823   0.328
1998-08-04 06:00:00    5.935    0.002 1015.17   22.612   62.823   0.178
1998-08-04 12:00:00    4.435    0.002 1015.17   18.612   72.823   0.328
1998-08-04 18:00:00    2.935    0.002 1015.17   14.612   82.823   0.478
1998-08-05 00:00:00    4.411    0.003 1013.00   18.467   72.944   0.326
1998-08-05 06:00:00    5.911    0.003 1013.00   22.467   62.944   0.176
1998-08-05 12:00:00    4.411    0.003 1013.00   18.467   72.944   0.326
1998-08-05 18:00:00    2.911    0.003 1013.00   14.467   82.944   0.476
1998-08-06 00:00:00    4.387    0.004 1010.83   18.319   73.067   0.324
1998-08-06 06:00:00    5.887    0.004 1010.83   22.319   63.067   0.174
1998-08-06 12:00:00    4.387    0.004 1010.83   18.319   73.067   0.324
1998-08-06 18:00:00    2.887    0.004 1010.83   14.319   83.067   0.474
1998-08-07 00:00:00    4.362    0.006 1009.09   18.169   73.192   0.322
1998-08-07 06:00:00    5.862    0.006 1009.09   22.169   63.192   0.172
1998-08-07 12:00:00    4.362    0.006 1009.09   18.169   73.192   0.322
1998-08-07 18:00:00    2.862    0.006 1009.09   14.169   83.192   0.472
1998-08-08 00:00:00    4.336    0.008 1008.13   18.017   73.319   0.321
1998-08-08 06:00:00    5.836    0.008 1008.13   22.017   63.319   0.171
1998-08-08 12:00:00    4.336    0.008 1008.13   18.017   73.319   0.321
1998-08-08 18:00:00    2.836    0.008 1008.13   14.017   83.319   0.471
1998-08-09 00:00:00    4.310    0.011 1008.13   17.862   73.448   0.319
1998-08-09 06:00:00    5.810    0.011 1008.13   21.862   63.448   0.169
1998-08-09 12:00:00    4.310    0.011 1008.13   17.862   73.448   0.319
1998-08-09 18:00:00    2.810    0.011 1008.13   13.862   83.448   0.469
1998-08-10 00:00:00    4.284    0.013 1009.09   17.705   73.579   0.317
1998-08-10 06:00:00    5.784    0.013 1009.09   21.705   63.579   0.167
1998-08-10 12:00:00    4.284    0.013 1009.09   17.705   73.579   0.317
1998-08-10 18:00:00    2.784    0.013 1009.09   13.705   83.579   0.467
1998-08-11 00:00:00    4.258    0.016 1010.83   17.545   73.712   0.316
1998-08-11 06:00:00    5.758    0.016 1010.83   21.545   63.712   0.166
1998-08-11 12:00:00    4.258    0.016 1010.83   17.545   73.712   0.316
1998-08-11 18:00:00    2.758    0.016 1010.83   13.545   83.712   0.466
1998-08-12 00:00:00    4.231    0.020 1013.00   17.383   73.847   0.314
1998-08-12 06:00:00    5.731    0.020 1013.00   21.383   63.847   0.164
1998-08-12 12:00:00    4.231    0.020 1013.00   17.383   73.847   0.314
1998-08-12 18:00:00    2.731    0.020 1013.00   13.383   83.847   0.464
1998-08-13 00:00:00    4.203    0.023 1015.17   17.219   73.984   0.313
1998-08-13 06:00:00    5.703    0.023 1015.17   21.219   63.984   0.163
1998-08-13 12:00:00    4.203    0.023 1015.17   17.219   73.984   0.313
1998-08-13 18:00:00    2.703    0.023 1015.17   13.219   83.984   0.463
1998-08-14 00:00:00    4.176    0.027 1016.91   17.053   74.122   0.312
1998-08-14 06:00:00    5.676    0.027 1016.91   21.053   64.122   0.162
1998-08-14 12:00:00    4.176    0.027 1016.91   17.053   74.122   0.312
1998-08-14 18:00:00    2.676    0.027 1016.91   13.053   84.122   0.462
1998-08-15 00:00:00    4.148    0.031 1017.87   16.885   74.262   0.310
1998-08-15 06:00:00    5.648    0.031 1017.87   20.885   64.262   0.160
1998-08-15 12:00:00    4.148    0.031 1017.87   16.885   74.262   0.310
1998-08-15 18:00:00    2.648    0.031 1017.87   12.885   84.262   0.460
1998-08-16 00:00:00    4.119    0.035 1017.87   16.715   74.404   0.309
1998-08-16 06:00:00    5.619    0.035 1017.87   20.715   64.404   0.159
1998-08-16 12:00:00    4.119    0.035 1017.87   16.715   74.404   0.309
1998-08-16 18:00:00    2.619    0.035 1017.87   12.715   84.404   0.459
1998-08-17 00:00:00    4.090    0.040 1016.91   16.543   74.548   0.308
1998-08-17 06:00:00    5.590    0.040 1016.91   20.543   64.548   0.158
1998-08-17 12:00:00    4.090    0.040 1016.91   16.543   74.548   0.308
1998-08-17 18:00:00    2.590    0.040 1016.91   12.543   84.548   0.458
1998-08-18 00:00:00    4.061    0.045 1015.17   16.369   74.693   0.307
1998-08-18 06:00:00    5.561    0.045 1015.17   20.369   64.693   0.157
1998-08-18 12:00:00    4.061    0.045 1015.17   16.369   74.693   0.307
1998-08-18 18:00:00    2.561    0.045 1015.17   12.369   84.693   0.457
1998-08-19 00:00:00    4.032    0.050 1013.00   16.193   74.839   0.306
1998-08-19 06:00:00    5.532    0.050 1013.00   20.193   64.839   0.156
1998-08-19 12:00:00    4.032    0.050 1013.00   16.193   74.839   0.306
1998-08-19 18:00:00    2.532    0.050 1013.00   12.193   84.839   0.456
1998-08-20 00:00:00    4.002    0.056 1010.83   16.015   74.988   0.305
1998-08-20 06:00:00    5.502    0.056 1010.83   20.015   64.988   0.155
1998-08-20 12:00:00    4.002    0.056 1010.83   16.015   74.988   0.305
1998-08-20 18:00:00    2.502    0.056 1010.83   12.015   84.988   0.455
1998-08-21 00:00:00    3.973    0.062 1009.09   15.835   75.137   0.304
1998-08-21 06:00:00    5.473    0.062 1009.09   19.835   65.137   0.154
1998-08-21 12:00:00    3.973    0.062 1009.09   15.835   75.137   0.304
1998-08-21 18:00:00    2.473    0.062 1009.09   11.835   85.137   0.454
1998-08-22 00:00:00    3.942    0.068 1008.13   15.654   75.288   0.304
1998-08-22 06:00:00    5.442    0.068 1008.13   19.654   65.288   0.154
1998-08-22 12:00:00    3.942    0.068 1008.13   15.654   75.288   0.304
1998-08-22 18:00:00    2.442    0.068 1008.13   11.654   85.288   0.454
1998-08-23 00:00:00    3.912    0.074 1008.13   15.471   75.441   0.303
1998-08-23 06:00:00    5.412    0.074 1008.13   19.471   65.441   0.153
1998-08-23 12:00:00    3.912    0.074 1008.13   15.471   75.441   0.303
1998-08-23 18:00:00    2.412    0.074 1008.13   11.471   85.441   0.453
1998-08-24 00:00:00    3.881    0.081 1009.09   15.286   75.595   0.302
1998-08-24 06:00:00    5.381    0.081 1009.09   19.286   65.595   0.152
1998-08-24 12:00:00    3.881    0.081 1009.09   15.286   75.595   0.302
1998-08-24 18:00:00    2.381    0.081 1009.09   11.286   85.595   0.452
1998-08-25 00:00:00    3.850    0.088 1010.83   15.100   75.750   0.302
1998-08-25 06:00:00    5.350    0.088 1010.83   19.100   65.750   0.152
1998-08-25 12:00:00    3.850    0.088 1010.83   15.100   75.750   0.302
1998-08-25 18:00:00    2.350    0.088 1010.83   11.100   85.750   0.452
1998-08-26 00:00:00    3.819    0.095 1013.00   14.912   75.906   0.301
1998-08-26 06:00:00    5.319    0.095 1013.00   18.912   65.906   0.151
1998-08-26 12:00:00    3.819    0.095 1013.00   14.912   75.906   0.301
1998-08-26 18:00:00    2.319    0.095 1013.00   10.912   85.906   0.451
1998-08-27 00:00:00    3.787    0.102 1015.17   14.723   76.064   0.301
1998-08-27 06:00:00    5.287    0.102 1015.17   18.723   66.064   0.151
1998-08-27 12:00:00    3.787    0.102 1015.17   14.723   76.064   0.301
1998-08-27 18:00:00    2.287    0.102 1015.17   10.723   86.064   0.451
1998-08-28 00:00:00    3.755    0.110 1016.91   14.532   76.223   0.301
1998-08-28 06:00:00    5.255    0.110 1016.91   18.532   66.223   0.151
1998-08-28 12:00:00    3.755    0.110 1016.91   14.532   76.223   0.301
1998-08-28 18:00:00    2.255    0.110 1016.91   10.532   86.223   0.451
1998-08-29 00:00:00    3.723    0.118 1017.87   14.341   76.383   0.300
1998-08-29 06:00:00    5.223    0.118 1017.87   18.341   66.383   0.150
1998-08-29 12:00:00    3.723    0.118 1017.87   14.341   76.383   0.300
1998-08-29 18:00:00    2.223    0.118 1017.87   10.341   86.383   0.450
1998-08-30 00:00:00    3.691    0.126 1017.87   14.147   76.544   0.300
1998-08-30 06:00:00    5.191    0.126 1017.87   18.147   66.544   0.150
1998-08-30 12:00:00    3.691    0.126 1017.87   14.147   76.544   0.300
1998-08-30 18:00:00    2.191    0.126 1017.87   10.147   86.544   0.450
1998-08-31 00:00:00    3.659    0.135 1016.91   13.953   76.706   0.300
1998-08-31 06:00:00    5.159    0.135 1016.91   17.953   66.706   0.150
1998-08-31 12:00:00    3.659    0.135 1016.91   13.953   76.706   0.300
1998-08-31 18:00:00    2.159    0.135 1016.91    9.953   86.706   0.450
1998-09-01 00:00:00    3.626    0.143 1015.17   13.757   76.869   0.300
1998-09-01 06:00:00    5.126    0.143 1015.17   17.757   66.869   0.150
1998-09-01 12:00:00    3.626    0.143 1015.17   13.757   76.869   0.300
1998-09-01 18:00:00    2.126    0.143 1015.17    9.757   86.869   0.450
1998-09-02 00:00:00    3.593    0.152 1013.00   13.561   77.033   0.300
1998-09-02 06:00:00    5.093    0.152 1013.00   17.561   67.033   0.150
1998-09-02 12:00:00    3.593    0.152 1013.00   13.561   77.033   0.300
1998-09-02 18:00:00    2.093    0.152 1013.00    9.561   87.033   0.450
1998-09-03 00:00:00    3.560    0.162 1010.83   13.363   77.198   0.300
1998-09-03 06:00:00    5.060    0.162 1010.83   17.363   67.198   0.150
1998-09-03 12:00:00    3.560    0.162 1010.83   13.363   77.198   0.300
1998-09-03 18:00:00    2.060    0.162 1010.83    9.363   87.198   0.450
1998-09-04 00:00:00    3.527    0.171 1009.09   13.164   77.363   0.300
1998-09-04 06:00:00    5.027    0.171 1009.09   17.164   67.363   0.150
1998-09-04 12:00:00    3.527    0.171 1009.09   13.164   77.363   0.300
1998-09-04 18:00:00    2.027    0.171 1009.09    9.164   87.363   0.450
1998-09-05 00:00:00    3.494    0.181 1008.13   12.964   77.530   0.301
1998-09-05 06:00:00    4.994    0.181 1008.13   16.964   67.530   0.151
1998-09-05 12:00:00    3.494    0.181 1008.13   12.964   77.530   0.301
1998-09-05 18:00:00    1.994    0.181 1008.13    8.964   87.530   0.451
1998-09-06 00:00:00    3.461    0.191 1008.13   12.764   77.697   0.301
1998-09-06 06:00:00    4.961    0.191 1008.13   16.764   67.697   0.151
1998-09-06 12:00:00    3.461    0.191 1008.13   12.764   77.697   0.301
1998-09-06 18:00:00    1.961    0.191 1008.13    8.764   87.697   0.451
1998-09-07 00:00:00    3.427    0.201 1009.09   12.562   77.865   0.301
1998-09-07 06:00:00    4.927    0.201 1009.09   16.562   67.865   0.151
1998-09-07 12:00:00    3.427    0.201 1009.09   12.562   77.865   0.301
1998-09-07 18:00:00    1.927    0.201 1009.09    8.562   87.865   0.451
1998-09-08 00:00:00    3.393    0.212 1010.83   12.360   78.033   0.302
1998-09-08 06:00:00    4.893    0.212 1010.83   16.360   68.033   0.152
1998-09-08 12:00:00    3.393    0.212 1010.83   12.360   78.033   0.302
1998-09-08 18:00:00    1.893    0.212 1010.83    8.360   88.033   0.452
1998-09-09 00:00:00    3.360    0.222 1013.00   12.157   78.202   0.303
1998-09-09 06:00:00    4.860    0.222 1013.00   16.157   68.202   0.153
1998-09-09 12:00:00    3.360    0.222 1013.00   12.157   78.202   0.303
1998-09-09 18:00:00    1.860    0.222 1013.00    8.157   88.202   0.453
1998-09-10 00:00:00    3.326    0.233 1015.17   11.954   78.372   0.303
1998-09-10 06:00:00    4.826    0.233 1015.17   15.954   68.372   0.153
1998-09-10 12:00:00    3.326    0.233 1015.17   11.954   78.372   0.303
1998-09-10 18:00:00    1.826    0.233 1015.17    7.954   88.372   0.453
1998-09-11 00:00:00    3.292    0.245 1016.91   11.750   78.542   0.304
1998-09-11 06:00:00    4.792    0.245 1016.91   15.750   68.542   0.154
1998-09-11 12:00:00    3.292    0.245 1016.91   11.750   78.542   0.304
1998-09-11 18:00:00    1.792    0.245 1016.91    7.750   88.542   0.454
1998-09-12 00:00:00    3.257    0.256 1017.87   11.545   78.713   0.305
1998-09-12 06:00:00    4.757    0.256 1017.87   15.545   68.713   0.155
1998-09-12 12:00:00    3.257    0.256 1017.87   11.545   78.713   0.305
1998-09-12 18:00:00    1.757    0.256 1017.87    7.545   88.713   0.455
1998-09-13 00:00:00    3.223    0.268 1017.87   11.340   78.883   0.306
1998-09-13 06:00:00    4.723    0.268 1017.87   15.340   68.883   0.156
1998-09-13 12:00:00    3.223    0.268 1017.87   11.340   78.883   0.306
1998-09-13 18:00:00    1.723    0.268 1017.87    7.340   88.883   0.456
1998-09-14 00:00:00    3.189    0.279 1016.91   11.134   79.055   0.306
1998-09-14 06:00:00    4.689    0.279 1016.91   15.134   69.055   0.156
1998-09-14 12:00:00    3.189    0.279 1016.91   11.134   79.055   0.306
1998-09-14 18:00:00    1.689    0.279 1016.91    7.134   89.055   0.456
1998-09-15 00:00:00    3.155    0.291 1015.17   10.929   79.226   0.307
1998-09-15 06:00:00    4.655    0.291 1015.17   14.929   69.226   0.157
1998-09-15 12:00:00    3.155    0.291 1015.17   10.929   79.226   0.307
1998-09-15 18:00:00    1.655    0.291 1015.17    6.929   89.226   0.457
1998-09-16 00:00:00    3.120    0.304 1013.00   10.723   79.398   0.309
1998-09-16 06:00:00    4.620    0.304 1013.00   14.723   69.398   0.159
1998-09-16 12:00:00    3.120    0.304 1013.00   10.723   79.398   0.309
1998-09-16 18:00:00    1.620    0.304 1013.00    6.723   89.398   0.459
1998-09-17 00:00:00    3.086    0.316 1010.83   10.516   79.570   0.310
1998-09-17 06:00:00    4.586    0.316 1010.83   14.516   69.570   0.160
1998-09-17 12:00:00    3.086    0.316 1010.83   10.516   79.570   0.310
1998-09-17 18:00:00    1.586    0.316 1010.83    6.516   89.570   0.460
1998-09-18 00:00:00    3.052    0.329 1009.09   10.310   79.742   0.311
1998-09-18 06:00:00    4.552    0.329 1009.09   14.310   69.742   0.161
1998-09-18 12:00:00    3.052    0.329 1009.09   10.310   79.742   0.311
1998-09-18 18:00:00    1.552    0.329 1009.09    6.310   89.742   0.461
1998-09-19 00:00:00    3.017    0.342 1008.13   10.103   79.914   0.312
1998-09-19 06:00:00    4.517    0.342 1008.13   14.103   69.914   0.162
1998-09-19 12:00:00    3.017    0.342 1008.13   10.103   79.914   0.312
1998-09-19 18:00:00    1.517    0.342 1008.13    6.103   89.914   0.462
1998-09-20 00:00:00    2.983    0.355 1008.13    9.897   80.086   0.314
1998-09-20 06:00:00    4.483    0.355 1008.13   13.897   70.086   0.164
1998-09-20 12:00:00    2.983    0.355 1008.13    9.897   80.086   0.314
1998-09-20 18:00:00    1.483    0.355 1008.13    5.897   90.086   0.464
1998-09-21 00:00:00    2.948    0.368 1009.09    9.690   80.258   0.315
1998-09-21 06:00:00    4.448    0.368 1009.09   13.690   70.258   0.165
1998-09-21 12:00:00    2.948    0.368 1009.09    9.690   80.258   0.315
1998-09-21 18:00:00    1.448    0.368 1009.09    5.690   90.258   0.465
1998-09-22 00:00:00    2.914    0.381 1010.83    9.484   80.430   0.317
1998-09-22 06:00:00    4.414    0.381 1010.83   13.484   70.430   0.167
1998-09-22 12:00:00    2.914    0.381 1010.83    9.484   80.430   0.317
1998-09-22 18:00:00    1.414    0.381 1010.83    5.484   90.430   0.467
1998-09-23 00:00:00    2.880    0.395 1013.00    9.277   80.602   0.318
1998-09-23 06:00:00    4.380    0.395 1013.00   13.277   70.602   0.168
1998-09-23 12:00:00    2.880    0.395 1013.00    9.277   80.602   0.318
1998-09-23 18:00:00    1.380    0.395 1013.00    5.277   90.602   0.468
1998-09-24 00:00:00    2.845    0.409 1015.17    9.071   80.774   0.320
1998-09-24 06:00:00    4.345    0.409 1015.17   13.071   70.774   0.170
1998-09-24 12:00:00    2.845    0.409 1015.17    9.071   80.774   0.320
1998-09-24 18:00:00    1.345    0.409 1015.17    5.071   90.774   0.470
1998-09-25 00:00:00    2.811    0.423 1016.91    8.866   80.945   0.321
1998-09-25 06:00:00    4.311    0.423 1016.91   12.866   70.945   0.171
1998-09-25 12:00:00    2.811    0.423 1016.91    8.866   80.945   0.321
1998-09-25 18:00:00    1.311    0.423 1016.91    4.866   90.945   0.471
1998-09-26 00:00:00    2.777    0.437 1017.87    8.660   81.117   0.323
1998-09-26 06:00:00    4.277    0.437 1017.87   12.660   71.117   0.173
1998-09-26 12:00:00    2.777    0.437 1017.87    8.660   81.117   0.323
1998-09-26 18:00:00    1.277    0.437 1017.87    4.660   91.117   0.473
1998-09-27 00:00:00    2.743    0.451 1017.87    8.455   81.287   0.325
1998-09-27 06:00:00    4.243    0.451 1017.87   12.455   71.287   0.175
1998-09-27 12:00:00    2.743    0.451 1017.87    8.455   81.287   0.325
1998-09-27 18:00:00    1.243    0.451 1017.87    4.455   91.287   0.475
1998-09-28 00:00:00    2.708    0.466 1016.91    8.250   81.458   0.327
1998-09-28 06:00:00    4.208    0.466 1016.91   12.250   71.458   0.177
1998-09-28 12:00:00    2.708    0.466 1016.91    8.250   81.458   0.327
1998-09-28 18:00:00    1.208    0.466 1016.91    4.250   91.458   0.477
1998-09-29 00:00:00    2.674    0.480 1015.17    8.046   81.628   0.329
1998-09-29 06:00:00    4.174    0.480 1015.17   12.046   71.628   0.179
1998-09-29 12:00:00    2.674    0.480 1015.17    8.046   81.628   0.329
1998-09-29 18:00:00    1.174    0.480 1015.17    4.046   91.628   0.479
1998-09-30 00:00:00    2.640    0.495 1013.00    7.843   81.798   0.331
1998-09-30 06:00:00    4.140    0.495 1013.00   11.843   71.798   0.181
1998-09-30 12:00:00    2.640    0.495 1013.00    7.843   81.798   0.331
1998-09-30 18:00:00    1.140    0.495 1013.00    3.843   91.798   0.481
1998-10-01 00:00:00    2.607    0.510 1010.83    7.640   81.967   0.333
1998-10-01 06:00:00    4.107    0.510 1010.83   11.640   71.967   0.183
1998-10-01 12:00:00    2.607    0.510 1010.83    7.640   81.967   0.333
1998-10-01 18:00:00    1.107    0.510 1010.83    3.640   91.967   0.483
1998-10-02 00:00:00    2.573    0.525 1009.09    7.438   82.135   0.335
1998-10-02 06:00:00    4.073    0.525 1009.09   11.438   72.135   0.185
1998-10-02 12:00:00    2.573    0.525 1009.09    7.438   82.135   0.335
1998-10-02 18:00:00    1.073    0.525 1009.09    3.438   92.135   0.485
1998-10-03 00:00:00    2.539    0.540 1008.13    7.236   82.303   0.338
1998-10-03 06:00:00    4.039    0.540 1008.13   11.236   72.303   0.188
1998-10-03 12:00:00    2.539    0.540 1008.13    7.236   82.303   0.338
1998-10-03 18:00:00    1.039    0.540 1008.13    3.236   92.303   0.488
1998-10-04 00:00:00    2.506    0.556 1008.13    7.036   82.470   0.340
1998-10-04 06:00:00    4.006    0.556 1008.13   11.036   72.470   0.190
1998-10-04 12:00:00    2.506    0.556 1008.13    7.036   82.470   0.340
1998-10-04 18:00:00    1.006    0.556 1008.13    3.036   92.470   0.490
1998-10-05 00:00:00    2.473    0.571 1009.09    6.836   82.637   0.342
1998-10-05 06:00:00    3.973    0.571 1009.09   10.836   72.637   0.192
1998-10-05 12:00:00    2.473    0.571 1009.09    6.836   82.637   0.342
1998-10-05 18:00:00    0.973    0.571 1009.09    2.836   92.637   0.492
1998-10-06 00:00:00    2.440    0.587 1010.83    6.637   82.802   0.345
1998-10-06 06:00:00    3.940    0.587 1010.83   10.637   72.802   0.195
1998-10-06 12:00:00    2.440    0.587 1010.83    6.637   82.802   0.345
1998-10-06 18:00:00    0.940    0.587 1010.83    2.637   92.802   0.495
1998-10-07 00:00:00    2.407    0.602 1013.00    6.439   82.967   0.347
1998-10-07 06:00:00    3.907    0.602 1013.00   10.439   72.967   0.197
1998-10-07 12:00:00    2.407    0.602 1013.00    6.439   82.967   0.347
1998-10-07 18:00:00    0.907    0.602 1013.00    2.439   92.967   0.497
1998-10-08 00:00:00    2.374    0.618 1015.17    6.243   83.131   0.350
1998-10-08 06:00:00    3.874    0.618 1015.17   10.243   73.131   0.200
1998-10-08 12:00:00    2.374    0.618 1015.17    6.243   83.131   0.350
1998-10-08 18:00:00    0.874    0.618 1015.17    2.243   93.131   0.500
1998-10-09 00:00:00    2.341    0.634 1016.91    6.047   83.294   0.352
1998-10-09 06:00:00    3.841    0.634 1016.91   10.047   73.294   0.202
1998-10-09 12:00:00    2.341    0.634 1016.91    6.047   83.294   0.352
1998-10-09 18:00:00    0.841    0.634 1016.91    2.047   93.294   0.502
1998-10-10 00:00:00    2.309    0.650 1017.87    5.853   83.456   0.355
1998-10-10 06:00:00    3.809    0.650 1017.87    9.853   73.456   0.205
1998-10-10 12:00:00    2.309    0.650 1017.87    5.853   83.456   0.355
1998-10-10 18:00:00    0.809    0.650 1017.87    1.853   93.456   0.505
1998-10-11 00:00:00    2.277    0.667 1017.87    5.659   83.617   0.358
1998-10-11 06:00:00    3.777    0.667 1017.87    9.659   73.617   0.208
1998-10-11 12:00:00    2.277    0.667 1017.87    5.659   83.617   0.358
1998-10-11 18:00:00    0.777    0.667 1017.87    1.659   93.617   0.508
1998-10-12 00:00:00    2.245    0.683 1016.91    5.468   83.777   0.360
1998-10-12 06:00:00    3.745    0.683 1016.91    9.468   73.777   0.210
1998-10-12 12:00:00    2.245    0.683 1016.91    5.468   83.777   0.360
1998-10-12 18:00:00    0.745    0.683 1016.91    1.468   93.777   0.510
1998-10-13 00:00:00    2.213    0.699 1015.17    5.277   83.936   0.363
1998-10-13 06:00:00    3.713    0.699 1015.17    9.277   73.936   0.213
1998-10-13 12:00:00    2.213    0.699 1015.17    5.277   83.936   0.363
1998-10-13 18:00:00    0.713    0.699 1015.17    1.277   93.936   0.513
1998-10-14 00:00:00    2.181    0.716 1013.00    5.088   84.094   0.366
1998-10-14 06:00:00    3.681    0.716 1013.00    9.088   74.094   0.216
1998-10-14 12:00:00    2.181    0.716 1013.00    5.088   84.094   0.366
1998-10-14 18:00:00    0.681    0.716 1013.00    1.088   94.094   0.516
1998-10-15 00:00:00    2.150    0.732 1010.83    4.900   84.250   0.369
1998-10-15 06:00:00    3.650    0.732 1010.83    8.900   74.250   0.219
1998-10-15 12:00:00    2.150    0.732 1010.83    4.900   84.250   0.369
1998-10-15 18:00:00    0.650    0.732 1010.83    0.900   94.250   0.519
1998-10-16 00:00:00    2.119    0.749 1009.09    4.714   84.405   0.372
1998-10-16 06:00:00    3.619    0.749 1009.09    8.714   74.405   0.222
1998-10-16 12:00:00    2.119    0.749 1009.09    4.714   84.405   0.372
1998-10-16 18:00:00    0.619    0.749 1009.09    0.714   94.405   0.522
1998-10-17 00:00:00    2.088    0.766 1008.13    4.529   84.559   0.375
1998-10-17 06:00:00    3.588    0.766 1008.13    8.529   74.559   0.225
1998-10-17 12:00:00    2.088    0.766 1008.13    4.529   84.559   0.375
1998-10-17 18:00:00    0.588    0.766 1008.13    0.529   94.559   0.525
1998-10-18 00:00:00    2.058    0.782 1008.13    4.346   84.712   0.378
1998-10-18 06:00:00    3.558    0.782 1008.13    8.346   74.712   0.228
1998-10-18 12:00:00    2.058    0.782 1008.13    4.346   84.712   0.378
1998-10-18 18:00:00    0.558    0.782 1008.13    0.346   94.712   0.528
1998-10-19 00:00:00    2.027    0.799 1009.09    4.165   84.863   0.381
1998-10-19 06:00:00    3.527    0.799 1009.09    8.165   74.863   0.231
1998-10-19 12:00:00    2.027    0.799 1009.09    4.165   84.863   0.381
1998-10-19 18:00:00    0.527    0.799 1009.09    0.165   94.863   0.531
1998-10-20 00:00:00    1.998    0.816 1010.83    3.985   85.012   0.385
1998-10-20 06:00:00    3.498    0.816 1010.83    7.985   75.012   0.235
1998-10-20 12:00:00    1.998    0.816 1010.83    3.985   85.012   0.385
1998-10-20 18:00:00    0.498    0.816 1010.83   -0.015   95.012   0.535
1998-10-21 00:00:00    1.968    0.833 1013.00    3.807   85.161   0.388
1998-10-21 06:00:00    3.468    0.833 1013.00    7.807   75.161   0.238
1998-10-21 12:00:00    1.968    0.833 1013.00    3.807   85.161   0.388
1998-10-21 18:00:00    0.468    0.833 1013.00   -0.193   95.161   0.538
1998-10-22 00:00:00    1.939    0.850 1015.17    3.631   85.307   0.391
1998-10-22 06:00:00    3.439    0.850 1015.17    7.631   75.307   0.241
1998-10-22 12:00:00    1.939    0.850 1015.17    3.631   85.307   0.391
1998-10-22 18:00:00    0.439    0.850 1015.17   -0.369   95.307   0.541
1998-10-23 00:00:00    1.910    0.867 1016.91    3.457   85.452   0.394
1998-10-23 06:00:00    3.410    0.867 1016.91    7.457   75.452   0.244
1998-10-23 12:00:00    1.910    0.867 1016.91    3.457   85.452   0.394
1998-10-23 18:00:00    0.410    0.867 1016.91   -0.543   95.452   0.544
1998-10-24 00:00:00    1.881    0.884 1017.87    3.285   85.596   0.398
1998-10-24 06:00:00    3.381    0.884 1017.87    7.285   75.596   0.248
1998-10-24 12:00:00    1.881    0.884 1017.87    3.285   85.596   0.398
1998-10-24 18:00:00    0.381    0.884 1017.87   -0.715   95.596   0.548
1998-10-25 00:00:00    1.852    0.901 1017.87    3.115   85.738   0.401
1998-10-25 06:00:00    3.352    0.901 1017.87    7.115   75.738   0.251
1998-10-25 12:00:00    1.852    0.901 1017.87    3.115   85.738   0.401
1998-10-25 18:00:00    0.352    0.901 1017.87   -0.885   95.738   0.551
1998-10-26 00:00:00    1.824    0.918 1016.91    2.947   85.878   0.405
1998-10-26 06:00:00    3.324    0.918 1016.91    6.947   75.878   0.255
1998-10-26 12:00:00    1.824    0.918 1016.91    2.947   85.878   0.405
1998-10-26 18:00:00    0.324    0.918 1016.91   -1.053   95.878   0.555
1998-10-27 00:00:00    1.797    0.935 1015.17    2.781   86.016   0.408
1998-10-27 06:00:00    3.297    0.935 1015.17    6.781   76.016   0.258
1998-10-27 12:00:00    1.797    0.935 1015.17    2.781   86.016   0.408
1998-10-27 18:00:00    0.297    0.935 1015.17   -1.219   96.016   0.558
1998-10-28 00:00:00    1.769    0.953 1013.00    2.617   86.153   0.412
1998-10-28 06:00:00    3.269    0.953 1013.00    6.617   76.153   0.262
1998-10-28 12:00:00    1.769    0.953 1013.00    2.617   86.153   0.412
1998-10-28 18:00:00    0.269    0.953 1013.00   -1.383   96.153   0.562
1998-10-29 00:00:00    1.742    0.970 1010.83    2.455   86.288   0.415
1998-10-29 06:00:00    3.242    0.970 1010.83    6.455   76.288   0.265
1998-10-29 12:00:00    1.742    0.970 1010.83    2.455   86.288   0.415
1998-10-29 18:00:00    0.242    0.970 1010.83   -1.545   96.288   0.565
1998-10-30 00:00:00    1.716    0.987 1009.09    2.295   86.421   0.419
1998-10-30 06:00:00    3.216    0.987 1009.09    6.295   76.421   0.269
1998-10-30 12:00:00    1.716    0.987 1009.09    2.295   86.421   0.419
1998-10-30 18:00:00    0.216    0.987 1009.09   -1.705   96.421   0.569
1998-10-31 00:00:00    1.690    1.004 1008.13    2.138   86.552   0.423
1998-10-31 06:00:00    3.190    1.004 1008.13    6.138   76.552   0.273
1998-10-31 12:00:00    1.690    1.004 1008.13    2.138   86.552   0.423
1998-10-31 18:00:00    0.190    1.004 1008.13   -1.862   96.552   0.573
1998-11-01 00:00:00    1.664    1.022 1008.13    1.983   86.681   0.427
1998-11-01 06:00:00    3.164    1.022 1008.13    5.983   76.681   0.277
1998-11-01 12:00:00    1.664    1.022 1008.13    1.983   86.681   0.427
1998-11-01 18:00:00    0.164    1.022 1008.13   -2.017   96.681   0.577
1998-11-02 00:00:00    1.638    1.039 1009.09    1.831   86.808   0.430
1998-11-02 06:00:00    3.138    1.039 1009.09    5.831   76.808   0.280
1998-11-02 12:00:00    1.638    1.039 1009.09    1.831   86.808   0.430
1998-11-02 18:00:00    0.138    1.039 1009.09   -2.169   96.808   0.580
1998-11-03 00:00:00    1.613    1.056 1010.83    1.681   86.933   0.434
1998-11-03 06:00:00    3.113    1.056 1010.83    5.681   76.933   0.284
1998-11-03 12:00:00    1.613    1.056 1010.83    1.681   86.933   0.434
1998-11-03 18:00:00    0.113    1.056 1010.83   -2.319   96.933   0.584
1998-11-04 00:00:00    1.589    1.073 1013.00    1.533   87.056   0.438
1998-11-04 06:00:00    3.089    1.073 1013.00    5.533   77.056   0.288
1998-11-04 12:00:00    1.589    1.073 1013.00    1.533   87.056   0.438
1998-11-04 18:00:00    0.089    1.073 1013.00   -2.467   97.056   0.588
1998-11-05 00:00:00    1.565    1.090 1015.17    1.388   87.177   0.442
1998-11-05 06:00:00    3.065    1.090 1015.17    5.388   77.177   0.292
1998-11-05 12:00:00    1.565    1.090 1015.17    1.388   87.177   0.442
1998-11-05 18:00:00    0.065    1.090 1015.17   -2.612   97.177   0.592
1998-11-06 00:00:00    1.541    1.107 1016.91    1.245   87.296   0.446
1998-11-06 06:00:00    3.041    1.107 1016.91    5.245   77.296   0.296
1998-11-06 12:00:00    1.541    1.107 1016.91    1.245   87.296   0.446
1998-11-06 18:00:00    0.041    1.107 1016.91   -2.755   97.296   0.596
1998-11-07 00:00:00    1.518    1.124 1017.87    1.105   87.412   0.450
1998-11-07 06:00:00    3.018    1.124 1017.87    5.105   77.412   0.300
1998-11-07 12:00:00    1.518    1.124 1017.87    1.105   87.412   0.450
1998-11-07 18:00:00    0.018    1.124 1017.87   -2.895   97.412   0.600
1998-11-08 00:00:00    1.495    1.142 1017.87    0.968   87.527   0.454
1998-11-08 06:00:00    2.995    1.142 1017.87    4.968   77.527   0.304
1998-11-08 12:00:00    1.495    1.142 1017.87    0.968   87.527   0.454
1998-11-08 18:00:00   -0.005    1.142 1017.87   -3.032   97.527   0.604
1998-11-09 00:00:00    1.472    1.159 1016.91    0.833   87.639   0.458
1998-11-09 06:00:00    2.972    1.159 1016.91    4.833   77.639   0.308
1998-11-09 12:00:00    1.472    1.159 1016.91    0.833   87.639   0.458
1998-11-09 18:00:00   -0.028    1.159 1016.91   -3.167   97.639   0.608
1998-11-10 00:00:00    1.450    1.176 1015.17    0.701   87.749   0.462
1998-11-10 06:00:00    2.950    1.176 1015.17    4.701   77.749   0.312
1998-11-10 12:00:00    1.450    1.176 1015.17    0.701   87.749   0.462
1998-11-10 18:00:00   -0.050    1.176 1015.17   -3.299   97.749   0.612
1998-11-11 00:00:00    1.429    1.192 1013.00    0.572   87.856   0.466
1998-11-11 06:00:00    2.929    1.192 1013.00    4.572   77.856   0.316
1998-11-11 12:00:00    1.429    1.192 1013.00    0.572   87.856   0.466
1998-11-11 18:00:00   -0.071    1.192 1013.00   -3.428   97.856   0.616
1998-11-12 00:00:00    1.408    1.209 1010.83    0.446   87.962   0.470
1998-11-12 06:00:00    2.908    1.209 1010.83    4.446   77.962   0.320
1998-11-12 12:00:00    1.408    1.209 1010.83    0.446   87.962   0.470
1998-11-12 18:00:00   -0.092    1.209 1010.83   -3.554   97.962   0.620
1998-11-13 00:00:00    1.387    1.226 1009.09    0.322   88.065   0.474
1998-11-13 06:00:00    2.887    1.226 1009.09    4.322   78.065   0.324
1998-11-13 12:00:00    1.387    1.226 1009.09    0.322   88.065   0.474
1998-11-13 18:00:00   -0.113    1.226 1009.09   -3.678   98.000   0.624
1998-11-14 00:00:00    1.367    1.243 1008.13    0.202   88.165   0.478
1998-11-14 06:00:00    2.867    1.243 1008.13    4.202   78.165   0.328
1998-11-14 12:00:00    1.367    1.243 1008.13    0.202   88.165   0.478
1998-11-14 18:00:00   -0.133    1.243 1008.13   -3.798   98.000   0.628
1998-11-15 00:00:00    1.347    1.260 1008.13    0.084   88.264   0.482
1998-11-15 06:00:00    2.847    1.260 1008.13    4.084   78.264   0.332
1998-11-15 12:00:00    1.347    1.260 1008.13    0.084   88.264   0.482
1998-11-15 18:00:00   -0.153    1.260 1008.13   -3.916   98.000   0.632
1998-11-16 00:00:00    1.328    1.276 1009.09   -0.031   88.359   0.486
1998-11-16 06:00:00    2.828    1.276 1009.09    3.969   78.359   0.336
1998-11-16 12:00:00    1.328    1.276 1009.09   -0.031   88.359   0.486
1998-11-16 18:00:00   -0.172    1.276 1009.09   -4.031   98.000   0.636
1998-11-17 00:00:00    1.310    1.293 1010.83   -0.143   88.452   0.490
1998-11-17 06:00:00    2.810    1.293 1010.83    3.857   78.452   0.340
1998-11-17 12:00:00    1.310    1.293 1010.83   -0.143   88.452   0.490
1998-11-17 18:00:00   -0.190    1.293 1010.83   -4.143   98.000   0.640
1998-11-18 00:00:00    1.291    1.309 1013.00   -0.252   88.543   0.495
1998-11-18 06:00:00    2.791    1.309 1013.00    3.748   78.543   0.345
1998-11-18 12:00:00    1.291    1.309 1013.00   -0.252   88.543   0.495
1998-11-18 18:00:00   -0.209    1.309 1013.00   -4.252   98.000   0.645
1998-11-19 00:00:00    1.274    1.325 1015.17   -0.358   88.631   0.499
1998-11-19 06:00:00    2.774    1.325 1015.17    3.642   78.631   0.349
1998-11-19 12:00:00    1.274    1.325 1015.17   -0.358   88.631   0.499
1998-11-19 18:00:00   -0.226    1.325 1015.17   -4.358   98.000   0.649
1998-11-20 00:00:00    1.257    1.342 1016.91   -0.460   88.717   0.503
1998-11-20 06:00:00    2.757    1.342 1016.91    3.540   78.717   0.353
1998-11-20 12:00:00    1.257    1.342 1016.91   -0.460   88.717   0.503
1998-11-20 18:00:00   -0.243    1.342 1016.91   -4.460   98.000   0.653
1998-11-21 00:00:00    1.240    1.358 1017.87   -0.560   88.800   0.507
1998-11-21 06:00:00    2.740    1.358 1017.87    3.440   78.800   0.357
1998-11-21 12:00:00    1.240    1.358 1017.87   -0.560   88.800   0.507
1998-11-21 18:00:00   -0.260    1.358 1017.87   -4.560   98.000   0.657
1998-11-22 00:00:00    1.224    1.374 1017.87   -0.657   88.881   0.511
1998-11-22 06:00:00    2.724    1.374 1017.87    3.343   78.881   0.361
1998-11-22 12:00:00    1.224    1.374 1017.87   -0.657   88.881   0.511
1998-11-22 18:00:00   -0.276    1.374 1017.87   -4.657   98.000   0.661
1998-11-23 00:00:00    1.208    1.390 1016.91   -0.750   88.958   0.516
1998-11-23 06:00:00    2.708    1.390 1016.91    3.250   78.958   0.366
1998-11-23 12:00:00    1.208    1.390 1016.91   -0.750   88.958   0.516
1998-11-23 18:00:00   -0.292    1.390 1016.91   -4.750   98.000   0.666
1998-11-24 00:00:00    1.193    1.405 1015.17   -0.840   89.034   0.520
1998-11-24 06:00:00    2.693    1.405 1015.17    3.160   79.034   0.370
1998-11-24 12:00:00    1.193    1.405 1015.17   -0.840   89.034   0.520
1998-11-24 18:00:00   -0.307    1.405 1015.17   -4.840   98.000   0.670
1998-11-25 00:00:00    1.179    1.421 1013.00   -0.927   89.106   0.524
1998-11-25 06:00:00    2.679    1.421 1013.00    3.073   79.106   0.374
1998-11-25 12:00:00    1.179    1.421 1013.00   -0.927   89.106   0.524
1998-11-25 18:00:00   -0.321    1.421 1013.00   -4.927   98.000   0.674
1998-11-26 00:00:00    1.165    1.437 1010.83   -1.011   89.176   0.529
1998-11-26 06:00:00    2.665    1.437 1010.83    2.989   79.176   0.379
1998-11-26 12:00:00    1.165    1.437 1010.83   -1.011   89.176   0.529
1998-11-26 18:00:00   -0.335    1.437 1010.83   -5.011   98.000   0.679
1998-11-27 00:00:00    1.151    1.452 1009.09   -1.091   89.243   0.533
1998-11-27 06:00:00    2.651    1.452 1009.09    2.909   79.243   0.383
1998-11-27 12:00:00    1.151    1.452 1009.09   -1.091   89.243   0.533
1998-11-27 18:00:00   -0.349    1.452 1009.09   -5.091   98.000   0.683
1998-11-28 00:00:00    1.139    1.467 1008.13   -1.169   89.307   0.537
1998-11-28 06:00:00    2.639    1.467 1008.13    2.831   79.307   0.387
1998-11-28 12:00:00    1.139    1.467 1008.13   -1.169   89.307   0.537
1998-11-28 18:00:00   -0.361    1.467 1008.13   -5.169   98.000   0.687
1998-11-29 00:00:00    1.126    1.483 1008.13   -1.243   89.369   0.541
1998-11-29 06:00:00    2.626    1.483 1008.13    2.757   79.369   0.391
1998-11-29 12:00:00    1.126    1.483 1008.13   -1.243   89.369   0.541
1998-11-29 18:00:00   -0.374    1.483 1008.13   -5.243   98.000   0.691
1998-11-30 00:00:00    1.114    1.498 1009.09   -1.313   89.428   0.546
1998-11-30 06:00:00    2.614    1.498 1009.09    2.687   79.428   0.396
1998-11-30 12:00:00    1.114    1.498 1009.09   -1.313   89.428   0.546
1998-11-30 18:00:00   -0.386    1.498 1009.09   -5.313   98.000   0.696
1998-12-01 00:00:00    1.103    1.512 1010.83   -1.380   89.484   0.550
1998-12-01 06:00:00    2.603    1.512 1010.83    2.620   79.484   0.400
1998-12-01 12:00:00    1.103    1.512 1010.83   -1.380   89.484   0.550
1998-12-01 18:00:00   -0.397    1.512 1010.83   -5.380   98.000   0.700
1998-12-02 00:00:00    1.093    1.527 1013.00   -1.444   89.537   0.554
1998-12-02 06:00:00    2.593    1.527 1013.00    2.556   79.537   0.404
1998-12-02 12:00:00    1.093    1.527 1013.00   -1.444   89.537   0.554
1998-12-02 18:00:00   -0.407    1.527 1013.00   -5.444   98.000   0.704
1998-12-03 00:00:00    1.083    1.542 1015.17   -1.505   89.587   0.559
1998-12-03 06:00:00    2.583    1.542 1015.17    2.495   79.587   0.409
1998-12-03 12:00:00    1.083    1.542 1015.17   -1.505   89.587   0.559
1998-12-03 18:00:00   -0.417    1.542 1015.17   -5.505   98.000   0.709
1998-12-04 00:00:00    1.073    1.556 1016.91   -1.562   89.635   0.563
1998-12-04 06:00:00    2.573    1.556 1016.91    2.438   79.635   0.413
1998-12-04 12:00:00    1.073    1.556 1016.91   -1.562   89.635   0.563
1998-12-04 18:00:00   -0.427    1.556 1016.91   -5.562   98.000   0.713
1998-12-05 00:00:00    1.064    1.570 1017.87   -1.615   89.679   0.567
1998-12-05 06:00:00    2.564    1.570 1017.87    2.385   79.679   0.417
1998-12-05 12:00:00    1.064    1.570 1017.87   -1.615   89.679   0.567
1998-12-05 18:00:00   -0.436    1.570 1017.87   -5.615   98.000   0.717
1998-12-06 00:00:00    1.056    1.584 1017.87   -1.665   89.721   0.571
1998-12-06 06:00:00    2.556    1.584 1017.87    2.335   79.721   0.421
1998-12-06 12:00:00    1.056    1.584 1017.87   -1.665   89.721   0.571
1998-12-06 18:00:00   -0.444    1.584 1017.87   -5.665   98.000   0.721
1998-12-07 00:00:00    1.048    1.598 1016.91   -1.712   89.760   0.576
1998-12-07 06:00:00    2.548    1.598 1016.91    2.288   79.760   0.426
1998-12-07 12:00:00    1.048    1.598 1016.91   -1.712   89.760   0.576
1998-12-07 18:00:00   -0.452    1.598 1016.91   -5.712   98.000   0.726
1998-12-08 00:00:00    1.041    1.612 1015.17   -1.755   89.796   0.580
1998-12-08 06:00:00    2.541    1.612 1015.17    2.245   79.796   0.430
1998-12-08 12:00:00    1.041    1.612 1015.17   -1.755   89.796   0.580
1998-12-08 18:00:00   -0.459    1.612 1015.17   -5.755   98.000   0.730
1998-12-09 00:00:00    1.034    1.625 1013.00   -1.795   89.829   0.584
1998-12-09 06:00:00    2.534    1.625 1013.00    2.205   79.829   0.434
1998-12-09 12:00:00    1.034    1.625 1013.00   -1.795   89.829   0.584
1998-12-09 18:00:00   -0.466    1.625 1013.00   -5.795   98.000   0.734
1998-12-10 00:00:00    1.028    1.639 1010.83   -1.831   89.859   0.589
1998-12-10 06:00:00    2.528    1.639 1010.83    2.169   79.859   0.439
1998-12-10 12:00:00    1.028    1.639 1010.83   -1.831   89.859   0.589
1998-12-10 18:00:00   -0.472    1.639 1010.83   -5.831   98.000   0.739
1998-12-11 00:00:00    1.023    1.652 1009.09   -1.864   89.887   0.593
1998-12-11 06:00:00    2.523    1.652 1009.09    2.136   79.887   0.443
1998-12-11 12:00:00    1.023    1.652 1009.09   -1.864   89.887   0.593
1998-12-11 18:00:00   -0.477    1.652 1009.09   -5.864   98.000   0.743
1998-12-12 00:00:00    1.018    1.665 1008.13   -1.893   89.911   0.597
1998-12-12 06:00:00    2.518    1.665 1008.13    2.107   79.911   0.447
1998-12-12 12:00:00    1.018    1.665 1008.13   -1.893   89.911   0.597
1998-12-12 18:00:00   -0.482    1.665 1008.13   -5.893   98.000   0.747
1998-12-13 00:00:00    1.013    1.678 1008.13   -1.919   89.933   0.601
1998-12-13 06:00:00    2.513    1.678 1008.13    2.081   79.933   0.451
1998-12-13 12:00:00    1.013    1.678 1008.13   -1.919   89.933   0.601
1998-12-13 18:00:00   -0.487    1.678 1008.13   -5.919   98.000   0.751
1998-12-14 00:00:00    1.010    1.690 1009.09   -1.941   89.951   0.605
1998-12-14 06:00:00    2.510    1.690 1009.09    2.059   79.951   0.455
1998-12-14 12:00:00    1.010    1.690 1009.09   -1.941   89.951   0.605
1998-12-14 18:00:00   -0.490    1.690 1009.09   -5.941   98.000   0.755
1998-12-15 00:00:00    1.007    1.703 1010.83   -1.960   89.967   0.610
1998-12-15 06:00:00    2.507    1.703 1010.83    2.040   79.967   0.460
1998-12-15 12:00:00    1.007    1.703 1010.83   -1.960   89.967   0.610
1998-12-15 18:00:00   -0.493    1.703 1010.83   -5.960   98.000   0.760
1998-12-16 00:00:00    1.004    1.715 1013.00   -1.975   89.979   0.614
1998-12-16 06:00:00    2.504    1.715 1013.00    2.025   79.979   0.464
1998-12-16 12:00:00    1.004    1.715 1013.00   -1.975   89.979   0.614
1998-12-16 18:00:00   -0.496    1.715 1013.00   -5.975   98.000   0.764
1998-12-17 00:00:00    1.002    1.727 1015.17   -1.987   89.989   0.618
1998-12-17 06:00:00    2.502    1.727 1015.17    2.013   79.989   0.468
1998-12-17 12:00:00    1.002    1.727 1015.17   -1.987   89.989   0.618
1998-12-17 18:00:00   -0.498    1.727 1015.17   -5.987   98.000   0.768
1998-12-18 00:00:00    1.001    1.738 1016.91   -1.995   89.995   0.622
1998-12-18 06:00:00    2.501    1.738 1016.91    2.005   79.995   0.472
1998-12-18 12:00:00    1.001    1.738 1016.91   -1.995   89.995   0.622
1998-12-18 18:00:00   -0.499    1.738 1016.91   -5.995   98.000   0.772
1998-12-19 00:00:00    1.000    1.750 1017.87   -1.999   89.999   0.626
1998-12-19 06:00:00    2.500    1.750 1017.87    2.001   79.999   0.476
1998-12-19 12:00:00    1.000    1.750 1017.87   -1.999   89.999   0.626
1998-12-19 18:00:00   -0.500    1.750 1017.87   -5.999   98.000   0.776
1998-12-20 00:00:00    1.000    1.761 1017.87   -2.000   90.000   0.630
1998-12-20 06:00:00    2.500    1.761 1017.87    2.000   80.000   0.480
1998-12-20 12:00:00    1.000    1.761 1017.87   -2.000   90.000   0.630
1998-12-20 18:00:00   -0.500    1.761 1017.87   -6.000   98.000   0.780
1998-12-21 00:00:00    1.000    1.772 1016.91   -1.997   89.998   0.634
1998-12-21 06:00:00    2.500    1.772 1016.91    2.003   79.998   0.484
1998-12-21 12:00:00    1.000    1.772 1016.91   -1.997   89.998   0.634
1998-12-21 18:00:00   -0.500    1.772 1016.91   -5.997   98.000   0.784
1998-12-22 00:00:00    1.001    1.783 1015.17   -1.991   89.993   0.638
1998-12-22 06:00:00    2.501    1.783 1015.17    2.009   79.993   0.488
1998-12-22 12:00:00    1.001    1.783 1015.17   -1.991   89.993   0.638
1998-12-22 18:00:00   -0.499    1.783 1015.17   -5.991   98.000   0.788
1998-12-23 00:00:00    1.003    1.794 1013.00   -1.981   89.984   0.642
1998-12-23 06:00:00    2.503    1.794 1013.00    2.019   79.984   0.492
1998-12-23 12:00:00    1.003    1.794 1013.00   -1.981   89.984   0.642
1998-12-23 18:00:00   -0.497    1.794 1013.00   -5.981   98.000   0.792
1998-12-24 00:00:00    1.005    1.804 1010.83   -1.968   89.973   0.646
1998-12-24 06:00:00    2.505    1.804 1010.83    2.032   79.973   0.496
1998-12-24 12:00:00    1.005    1.804 1010.83   -1.968   89.973   0.646
1998-12-24 18:00:00   -0.495    1.804 1010.83   -5.968   98.000   0.796
1998-12-25 00:00:00    1.008    1.814 1009.09   -1.951   89.959   0.650
1998-12-25 06:00:00    2.508    1.814 1009.09    2.049   79.959   0.500
1998-12-25 12:00:00    1.008    1.814 1009.09   -1.951   89.959   0.650
1998-12-25 18:00:00   -0.492    1.814 1009.09   -5.951   98.000   0.800
1998-12-26 00:00:00    1.012    1.824 1008.13   -1.931   89.942   0.654
1998-12-26 06:00:00    2.512    1.824 1008.13    2.069   79.942   0.504
1998-12-26 12:00:00    1.012    1.824 1008.13   -1.931   89.942   0.654
1998-12-26 18:00:00   -0.488    1.824 1008.13   -5.931   98.000   0.804
1998-12-27 00:00:00    1.016    1.834 1008.13   -1.907   89.922   0.658
1998-12-27 06:00:00    2.516    1.834 1008.13    2.093   79.922   0.508
1998-12-27 12:00:00    1.016    1.834 1008.13   -1.907   89.922   0.658
1998-12-27 18:00:00   -0.484    1.834 1008.13   -5.907   98.000   0.808
1998-12-28 00:00:00    1.020    1.843 1009.09   -1.879   89.899   0.662
1998-12-28 06:00:00    2.520    1.843 1009.09    2.121   79.899   0.512
1998-12-28 12:00:00    1.020    1.843 1009.09   -1.879   89.899   0.662
1998-12-28 18:00:00   -0.480    1.843 1009.09   -5.879   98.000   0.812
1998-12-29 00:00:00    1.025    1.852 1010.83   -1.848   89.873   0.666
1998-12-29 06:00:00    2.525    1.852 1010.83    2.152   79.873   0.516
1998-12-29 12:00:00    1.025    1.852 1010.83   -1.848   89.873   0.666
1998-12-29 18:00:00   -0.475    1.852 1010.83   -5.848   98.000   0.816
1998-12-30 00:00:00    1.031    1.861 1013.00   -1.814   89.845   0.670
1998-12-30 06:00:00    2.531    1.861 1013.00    2.186   79.845   0.520
1998-12-30 12:00:00    1.031    1.861 1013.00   -1.814   89.845   0.670
1998-12-30 18:00:00   -0.469    1.861 1013.00   -5.814   98.000   0.820
1998-12-31 00:00:00    1.037    1.870 1015.17   -1.776   89.813   0.673
1998-12-31 06:00:00    2.537    1.870 1015.17    2.224   79.813   0.523
1998-12-31 12:00:00    1.037    1.870 1015.17   -1.776   89.813   0.673
1998-12-31 18:00:00   -0.463    1.870 1015.17   -5.776   98.000   0.823
1999-01-01 00:00:00    1.044    1.878 1015.17   -1.734   89.778   0.677
